Branch Number,Ship-to Name,Address,City,State,Zip Code
7,ABC SUPPLY CO-GREEN BAY,1838 VELP AVE,GREEN BAY,WI,54303
13,ABC SUPPLY CO INC-MENTOR,9099 TYLER BLVD,MENTOR,OH,44060
14,ABC SUPPLY CO INC-SAGINAW,6305 TITTABAWASEE RD,SAGINAW,MI,48603
15,ABC SUPPLY CO INC-GRAND RAPIDS,2601 S DIVISION,GRAND RAPIDS,MI,49507
16,ABC SUPPLY CO-FOND DU LAC,815 S PIONEER RD,FOND DU LAC,WI,54935
17,ABC SUPPLY CO-WEST ALLIS,11111 W LAPHAM ST,WEST ALLIS,WI,53214
18,ABC SUPPLY CO INC-MADISON,1002 ANN STREET,MADISON,WI,53713
19,ABC SUPPLY CO-HAGERSTOWN,801 POPE AVE,HAGERSTOWN,MD,21740
20,ABC SUPPLY CO-BALTIMORE,3924 VERO ROAD,BALTIMORE,MD,21227
21,ABC SUPPLY CO-RALEIGH,2412 YONKERS RD,RALEIGH,NC,27604
22,ABC SUPPLY CO INC-HARTLAND,550 S. INDUSTRIAL DRIVE,HARTLAND,WI,53029
23,ABC SUPPLY CO-WILKES-BARRE,40 CONYNGHAM AVE,WILKES-BARRE,PA,18702
26,ABC SUPPLY CO-MEMPHIS,2900 AIRWAYS BLVD,MEMPHIS,TN,38132
27,ABC SUPPLY CO-NORFOLK,3373 PROGRESS ROAD,NORFOLK,VA,23502
28,ABC SUPPLY CO INC-RICHMOND,2120 BELLEMEADE RD,RICHMOND,VA,23224
29,ABC SUPPLY CO-SPRINGFIELD VA,6707 ELECTRONIC DRIVE,SPRINGFIELD,VA,22151
30,ABC SUPPLY CO-AURORA,1000 RATHBONE AVE,AURORA,IL,60506
31,ABC SUPPLY CO-STANTON,1550 FIRST STATION BLVD,STANTON,DE,19804
32,ABC SUPPLY CO-CHARLOTTE,3100 PARKSIDE DRIVE,CHARLOTTE,NC,28208
34,ABC SUPPLY CO-OKLAHOMA CITY,1500 W RENO AVE,OKLAHOMA CITY,OK,73106
35,ABC SUPPLY CO-TULSA (SHIPTO),7333 E 38TH ST,TULSA,OK,74147
36,ABC SUPPLY CO-LONGVIEW,1006 W COTTON,LONGVIEW,TX,75608
37,ABC SUPPLY CO-HOUSTON,250 CENTURY PLAZA,HOUSTON,TX,77073
38,ABC SUPPLY CO-SAN ANTONIO,2200 CHIPLEY CIRCLE,SAN ANTONIO,TX,78217
39,ABC SUPPLY CO-AUSTIN,901 EAST ST JOHNS,AUSTIN,TX,78752
40,ABC SUPPLY CO-WACO,1212 LA SALLE AVE,WACO,TX,76706
41,ABC SUPPLY CO-DALLAS (SHIPTO),4833 SINGLETON BLVD,DALLAS,TX,75356
42,ABC SUPPLY CO-ATLANTA,5700 TULANE DR SW,ATLANTA,GA,30336
43,ABC SUPPLY CO-CHATTANOOGA,2225 POLYMER DRIVE,CHATTANOOGA,TN,37421
44,ABC SUPPLY CO-COLUMBIA SC,855 BROOKWOOD RD,COLUMBIA,SC,29201
45,ABC SUPPLY CO-ORLANDO,3362 ALL AMERICAN BLVD,ORLANDO,FL,32810
46,ABC SUPPLY CO-TAMPA,4502 ADAMO DR,TAMPA,FL,33605
49,ABC SUPPLY CO-DENVER,2401 E 40TH AVE,DENVER,CO,80205
50,ABC SUPPLY CO (RW ONLY)-JACKSONVILLE,5130 PHILLIPS HWY,JACKSONVILLE,FL,32207
51,ABC SUPPLY CO-GARDENA,19105 S FIGUEROA,GARDENA,CA,90248
53,ABC SUPPLY CO-MARTINEZ,4818 SUNRISE DR,MA RTINEZ,CA,94553 |  
54,ABC SUPPLY CO-NORTH CHARLESTON,4001 DORCHESTER RD,NORTH CHARLESTON,SC,29405
58,ABC SUPPLY CO-BIRMINGHAM,575 37TH STREET NORTH,BIRMINGHAM,AL,35222
59,ABC SUPPLY CO-GLENDALE,6137 N 55TH AVE,GLENDALE,AZ,85301
60,ABC SUPPLY CO-CORPUS CHRISTI,737 N PADRE ISLAND DR,CORPUS CHRISTI,TX,78406
62,ABC SUPPLY CO-FRESNO,1379 N RABE AVE,FRESNO,CA,93727
63,ABC SUPPLY CO-WEST CHICAGO,29W 581 NORTH AVE,WEST CHICAGO,IL,60185
64,ABC SUPPLY CO - MOKENA,8315 SPRING LAKE DRIVE,MOKENA,IL,60448
65,ABC SUPPLY CO-HARLINGEN,401-C NORTH T ST,HARLINGEN,TX,78550
67,ABC SUPPLY CO-SOUTH BEND,815 OLIVER PLOW CT,SOUTH BEND,IN,46601
69,ABC SUPPLY CO-CINCINNATI,4860 SPRING GROVE AVE,CINCINNATI,OH,45232
70,ABC SUPPLY CO-LOUISVILLE,619 INDUSTRY RD,LOUISVILLE,KY,40208
73,ABC SUPPLY CO-JEFFERSON,748 SAINT GEORGE AVE,JEFFERSON,LA,70121
74,ABC SUPPLY CO-PORTLAND OR (SHIPTO),1835 NE COLUMBIA BLVD,PORTLAND,OR,97211
75,ABC SUPPLY CO-OAKLAND,7217 SAN LEANDRO ST,OAKLAND,CA,94621
77,ABC SUPPLY CO-CLEVELAND,4855 W. 130TH STREET,CLEVELAND,OH,44135
79,ABC SUPPLY CO-JEFFERSON,748 SAINT GEORGE AVE,JEFFERSON,LA,70121
82,ABC SUPPLY CO-FREDRICKSBURG,234 INDUSTRIAL COURT,FREDERICKSBURG,VA,22408
83,ABC SUPPLY CO-NORTH BALTIMORE,3901 BUENA VISTA AVE,NORTH BALTIMORE,MD,21211
84,ABC SUPPLY CO-NEWPORT NEWS,111 HUNTER RD,NEWPORT NEWS,VA,23601
85,ABC SUPPLY CO-DELRAN,5004 ROUTE 130,DELRAN,NJ,08075
86,ABC SUPPLY CO-HICKSVILLE,55 LUDY ST,HICKSVILLE,NY,11801
87,ABC SUPPLY CO-YOUNGSTOWN,399 S MERIDIAN RD,YOUNGSTOWN,OH,44509
89,ABC SUPPLY CO-READING,2591 CENTRE AVE,READING,PA,19605
90,ABC SUPPLY CO-ROSEVILLE,9020 ATKINSON ST,ROSEVILLE,CA,95747
92,ABC SUPPLY CO-WAUSAU,1000 N 3RD ST,WAUSAU,WI,54403
93,ABC SUPPLY CO-CICERO,1600 S LARAMIE,IL,60804
94,ABC SUPPLY CO-SAN JOSE,490 PHELAN AVE,SAN JOSE,CA,95112
95,ABC SUPPLY CO-COON RAPIDS,10141 WOODCREST DRIVE,MN,55433
96,ABC SUPPLY CO-EUGENE,4226 W 6TH AVE,OR,97402
97,ABC SUPPLY CO-WICHITA S SHERIDAN,2535 S KESSLER,KS,67217
98,ABC SUPPLY CO-ANAHEIM,1225 E CERRITOS AVE,CA,92805
102,ABC SUPPLY CO-EL MONROVIA,3231 S PECK RD,CA,91016
103,ABC SUPPLY CO-AUGUSTA,999 5TH ST,GA,30901
104,ABC SUPPLY CO-HUNTSVILLE,917 MERIDIAN ST N,AL,35801
105,ABC SUPPLY CO-CEDAR RAPIDS,9800 ATLANTIC DR,IA,52404
106,ABC SUPPLY CO-DAYTON,7477 OLD TROY PIKE,OH,45424
107,ABC SUPPLY CO-TAYLOR,25105 BREST RD,MI,48180
108,ABC SUPPLY CO-SOUTHFIELD,21000 W 8 MILE RD,MI,48075
109,ABC SUPPLY CO-EL PASO,12105 ROJAS DR,TX,79936
110,ABC SUPPLY CO-NASHVILLE,1818 ELM HILL PIKE,TN,37210
111,ABC SUPPLY CO-ALTOONA,1601 34TH AVE NW,IA,50009
112,ABC SUPPLY CO-OMAHA,13251 LYNAM DRIVE,NE,68138
113,ABC SUPPLY CO-WICHITA,1321 E FIRST ST,KS,67214
114,ABC SUPPLY CO-VALPARAISO,184 W STATE RD 130,IN,46385
115,ABC SUPPLY CO-FORT COLLINS,3825 CANAL DR,CO,80524
116,ABC SUPPLY CO-HONOLULU,749 MAPUNAPUNA ST,HI,96819
118,ABC SUPPLY CO-MURRAY,5602 S 300 W,UT,84107
120,ABC SUPPLY CO-AKRON,1320 STARLIGHT DR,OH,44306
121,ABC SUPPLY CO-MIDDLETOWN,1001 KREIDER DR,PA,17057
122,ABC SUPPLY CO-POTTSTOWN,105 JONES BLVD,PA,19464
123,ABC SUPPLY CO-JOPLIN,3632 EAST 20TH ST,MO,64801
124,ABC SUPPLY CO-EL PASO,12105 ROJAS DR,TX,79936
125,ABC SUPPLY CO-LAKEVILLE,21881 GRENADA AVE,MN,55044
126,ABC SUPPLY CO-BURLINGTON,681 S KANE ST,WI,53105
127,ABC SUPPLY CO-TWIN FALLS,716 BRIDGE ST,ID,83301
128,ABC SUPPLY CO-RENO,640 ORRCREST DR,NV,89506
130,ABC SUPPLY CO-INDIANAPOLIS,5427 W. 84TH STREET,IN,46268
131,ABC SUPPLY CO-OCALA,1467 SW 17TH AVE,FL,34471
132,ABC SUPPLY CO-CHARLESTON,420 JESSEN LN,SC,29492
133,ABC SUPPLY CO-AMARILLO,4601 SOUTH WASHINGTON,TX,79103
134,ABC SUPPLY CO-PORTLAND ME,12 RICE ST,ME,04103
135,ABC SUPPLY CO-POMPANO BEACH,1231 NE 48TH STREET,FL,33064
136,ABC SUPPLY CO-WICHITA FALLS,1308 TWIN OAKS,TX,76302
137,ABC SUPPLY CO-CHARLOTTE,3100 PARKSIDE DRIVE,NC,28208
138,ABC SUPPLY CO-CHARLOTTE,3100 PARKSIDE DRIVE,NC,28208
139,ABC SUPPLY CO-CHIPPEWA FALLS,2642 HALLIE RD,WI,54729
140,ABC SUPPLY CO-WATERLOO,2550 GT DRIVE,IA,50703
141,ABC SUPPLY CO-BERLIN,554 BERLIN TPKE,CT,06037
142,ABC SUPPLY CO-NIANTIC,29 INDUSTRIAL PARK RD,CT,06357
143,ABC SUPPLY CO-BRIDGEPORT,1095 SOUTH AVE,CT,06604
144,ABC SUPPLY CO-PROVIDENCE,200 WHITEHALL ST,RI,02909
145,ABC SUPPLY CO-FALL RIVER,500 RODMAN ST,MA,02721
146,ABC SUPPLY CO-SPRINGFIELD MA,152 FISK AVE,MA,01107
147,ABC SUPPLY CO-MEDFORD,25 SYCAMORE AVE,MA,02155
148,ABC SUPPLY CO-MANCHSTER,295 E INDUSTRIAL PARK DR,NH,03109
149,ABC SUPPLY CO-GLENS FALLS,1 PRUYNS ISLAND DRIVE,NY,12801
150,ABC SUPPLY CO-ENDWELL,3125 PEARL ST,NY,13760
151,ABC SUPPLY CO-NEWBURGH,150 S WATER ST,NY,12550
152,ABC SUPPLY CO-MIDDLETOWN,1001 KREIDER DR,PA,17057
153,ABC SUPPLY CO-MOBILE,2170 MAIN ST,AL,36617
154,ABC SUPPLY CO-FAYETTEVILLE,3297 DOC BENNETT RD,NC,28306
155,ABC SUPPLY CO-CHAMPAIGN,701 KENYON RD,IL,61820
156,ABC SUPPLY CO-INDIANAPOLIS,1930 W EDGEWOOD DR,IN,46217
157,ABC SUPPLY CO-MAPLE PLAIN,5130 INDUSTRIAL ST,MN,55359
158,ABC SUPPLY CO-ROCKVILLE,15 DERWOOD CIRCLE,MD,20850
159,ABC SUPPLY CO-SPRINGFIELD #29,6707 ELECTRONIC DR,VA,22151
160,ABC SUPPLY CO-NEWPORT NEWS,111 HUNTER RD,VA,23601