Branch Number,Ship-to Number,Ship-to Name,Address,City,State,Zip Code
697,963539,ABC SUPPLY CO-ROCHESTER 697,6610 TENTH AVE. SW,ROCHESTER,MN,55902
736,1521,ABC SUPPLY CO INC-BELOIT (P),"ONE ABC PARKWAY, SUITE #616",BELOIT,WI,53511
377,756029,ABC SUPPLY CO -FLINT #377,3497 DOLAN DRIVE,FLINT,MI,48504
14,1529,ABC SUPPLY CO INC-SAGINAW,6305 TITTABAWASEE RD,SAGINAW,MI,48603
15,1518,ABC SUPPLY CO INC-GRAND RAPIDS #15,2601 SOUTH DIVISION AVE.,GRAND RAPIDS,MI,49507
265,13679,ABC SUPPLY CO INC-WELLFORD #265,10280 GREENVILLE HIGHWAY,WELLFORD,SC,29385
402,963933,ABC SUPPLY CO-WARREN 402,25900 GROESBECK HIGHWAY,WARREN,MI,48089
476,660410,ABC SUPPLY CO-BETHEL HEIGHTS 476,409 E. APPLE BLOSSOM AVENUE,BETHEL HEIGHTS,AR,72764
81,662381,ABC SUPPLY CO-N. LITTLE ROCK 81,1650 EAST WASHINGTON AVE,NORTH LITTLE ROCK,AR,72114
736,463472,ABC SUPPLY CO-BELOIT (B),"ONE ABC PKWY., STE. 616",BELOIT,WI,53511
18,1522,ABC SUPPLY CO INC-MADISON #18,1002 ANN STREET,MADISON,WI,53713
240,1580,ABC SUPPLY CO INC-CHEVERLY (MBA) #240,5800 COLUMBIA PARK ROAD,CHEVERLY,MD,20785
20,1589,ABC SUPPLY CO INC-BALTIMORE #20,3924 VERO ROAD,BALTIMORE,MD,21227
642,756032,ABC SUPPLY CO -LAFAYETTE #642,3400 CONCORD ROAD,LAFAYETTE,IN,47909
458,823311,ABC SUPPLY CO-SCHENECTADY,95 VAN GUYSLING AVENUE,SCHENECTADY,NY,12305
233,157158,ABC SUPPLY CO INC-ROCKVILLE #233,15 DERWOOD CIRCLE,ROCKVILLE,MD,20850
409,242009,ABC SUPPLY CO INC-HYATTSVILLE #409,3404 KENILWORTH AVENUE,HYATTSVILLE,MD,20781
457,242021,ABC SUPPLY CO INC-PLAINFIELD,700 SOUTH 2ND ST,PLAINFIELD,NJ,07060
446,242082,ABC SUPPLY - VALLEY COTTAGE #18,2 FORD PRODUCTS ROAD,VALLEY COTTAGE,NY,10989
508,672849,ABC SUPPLY CO-TALLAHASSEE 508,4009 NORTHWEST PASSAGE,TALLAHASSEE,FL,32303
134,13690,ABC SUPPLY CO INC-PORTLAND #134,12 RICE STREET,PORTLAND,ME,04103
434,674147,ABC SUPPLY CO-WEST HAVEN 434,130 FRONTAGE ROAD,WEST HAVEN,CT,06516
489,677837,ABC SUPPLY CO-NAPLES 489,1100 SUN CENTURY ROAD,NAPLES,FL,34110
490,677838,ABC SUPPLY CO-MELBOURNE 490,2809 S. HARBOR CITY BLVD,MELBOURNE,FL,32901
495,677839,ABC SUPPLY CO-JACKSONVILLE 495,834 N. LANE AVENUE,JACKSONVILLE,FL,32254
496,677842,ABC SUPPLY CO-GAINESVILLE 496,3330 NE WALDO ROAD,GAINESVILLE,FL,32609
484,677843,ABC SUPPLY CO-WEST PALM BEACH 484,7392 HAVERHILL ROAD,WEST PALM BEACH,FL,33407
509,677845,ABC SUPPLY CO-BROOKSVILLE 509,600 PONCE DE LEON BLVD,BROOKSVILLE,FL,34601
131,677847,ABC SUPPLY CO-OCALA 131,1467 SW 17TH AVENUE,OCALA,FL,34471
274,677849,ABC SUPPLY CO-DAYTONA BEACH 274,421 LIVE OAK AVENUE,DAYTONA BEACH,FL,32114
135,677850,ABC SUPPLY CO-POMPANO BEACH 135,1231 NE 48TH STREET,POMPANO BEACH,FL,33064
212,677851,ABC SUPPLY CO- HUDSON,18906 US HWY 19,HUDSON,FL,34667
45,677852,ABC SUPPLY CO-ORLANDO 45,3362 ALL AMERICAN BLVD,ORLANDO,FL,32810
736,964638,ABC SUPPLY COMPANY (P),ONE ABC PARKWAY SUITE 616,BELOIT,WI,53511
820,3743,TOWN & COUNTRY IND - NORTH PORT,"4889 PLANTATION BLVD, STE 8",NORTH PORT,FL,34289
506,678567,ABC SUPPLY CO-TAVERES 506,2960 COUNTY ROAD 561,TAVERES,FL,32778
485,678571,ABC SUPPLY CO-HUDSON 485,14516 US HIGHWAY 19,HUDSON,FL,34667
501,681483,ABC SUPPLY CO-LAKELAND 501,5995 S. FLORIDA AVE,LAKELAND,FL,33813
734,13387,ABC SUPPLY CO INC-MORRISVILLE(MBA),"1015 AVIATION PARKWAY, STE 400",MORRISVILLE,NC,27560
77,157307,METAL ABC SUPPLY CO -CLEVELAND #77,"4855 W. 130TH STREET, STE 1",CLEVELAND,OH,44135
115,687272,ABC SUPPLY CO-FORT COLLINS 115,3825 CANAL DRIVE,FORT COLLINS,CO,80524
436,689449,ABC SUPPLY CO-PAWTUCKET 436,295 BEVERAGE HILL AVE,PAWTUCKET,RI,02861
464,700666,ABC SUPPLY CO-TYLER 464,344 SOUTH GLENWOOD BLVD,TYLER,TX,75702
139,157351,ABC SUPPLY CO INC-CHIPPEWA FALLS #139,2642 HALLIE ROAD,CHIPPEWA FALLS,WI,54729
7,157359,ABC SUPPLY CO. RW-GREEN BAY,1838 VELP AVENUE,GREEN BAY,WI,54303
22,157360,ABC SUPPLY CO INC-HARTLAND #22,550 S. INDUSTRIAL DRIVE,HARTLAND,WI,53029
266,157370,ABC SUPPLY CO INC-NEENAH #266,685 WATERMARK COURT,NEENAH,WI,54956
13,157382,ABC SUPPLY CO INC-MENTOR #13,9099 TYLER BLVD.,MENTOR,OH,44060
406,800820,ABC SUPPLY CO-WAUCONDA 406,405 S. BARRINGTON ROAD,WAUCONDA,IL,60084
401,800821,ABC SUPPLY CO-ALSIP 401,12601 S. SPRINGFIELD AVE,ALSIP,IL,60803
443,157385,ABC SUPPLY CO INC-AVENEL (MBA),13 PRODUCTION WAY,AVENEL,NJ,07001
362,803077,ABC SUPPLY CO-WHITE OAK 362,2900 JACK'S RUN RD,WHITE OAK,PA,15131
458,804001,ABC SUPPLY CO-SCHENECTADY 458,95 VAN GUYSLING AVE,SCHENECTADY,NY,12305
438,804164,ABC SUPPLY CO-DANBURY 438,98 1/2 MILL PLAIN ROAD,DANBURY,CT,06811
252,804221,ABC SUPPLY CO-WINSTON SALEM 252,301 PERIMETER POINT BLVD,WINSTON SALEM,NC,27105
130,805907,ABC SUPPLY CO-INDIANAPOLIS (NORTH) 130,5427 W. 84TH STREET,INDIANAPOLIS,IN,46268
342,809933,ABC SUPPLY CO-SOUDERTON 342,3283 E. TOWNSHIP LINE RD,SOUDERTON,PA,18964
367,812493,ABC SUPPLY CO-CARNEGIE 367,68 ARCH STREET,CARNEGIE,PA,15106
104,157197,ABC SUPPLY CO INC-HUNTSVILLE #104,917 MERIDIAN STREET NORTH,HUNTSVILLE,AL,35801
41,821448,ABC SUPPLY CO-DALLAS (SHIPTO),4833 SINGLETON BLVD,DALLAS,TX,75356
240,821463,ABC SUPPLY CO-CHEVERLY,5800 COLUMBIA PARK DR.,CHEVERLY,MD,20785
443,821470,ABC SUPPLY CO-AVENEL (MBA),13 PRODUCTION WAY,AVENEL,NJ,07001
332,821493,ABC SUPPLY CO-ERLANGER,3 FLORIDIAN DR,ERLANGER,KY,41018
219,827319,ABC SUPPLY CO-LA SALLE,13 GUNIA DR,LA SALLE,IL,61301
194,827365,ABC SUPPLY CO-LINCOLN,8200 FLETCHER AVENUE,LINCOLN,NE,68507
15,829231,ABC SUPPLY CO-GRAND RAPIDS,2601 S. DIVISION AVE,GRAND RAPIDS,MI,49507
1206,831311,ABC SUPPLY CO-COLUMBUS 1206,2660 WINCHESTER PIKE,COLUMBUS,OH,43232
282,831738,ABC SUPPLY CO-HUNTINGTON,1703 SEVENTH AVE,HUNTINGTON,WV,25703
176,831742,ABC SUPPLY CO-WEBSTER,333 TRISTAR DR,WEBSTER,TX,77598
107,831751,ABC SUPPLY CO-TAYLOR,25105 BREST ROAD,TAYLOR,MI,48180
121,831753,ABC SUPPLY CO-HARRISBURG,451 JPL WICK DRIVE,HARRISBURG,PA,17111
106,157309,ABC SUPPLY CO INC-DAYTON #106,7477 OLD TROY PIKE,DAYTON,OH,45424
31,157391,ABC SUPPLY CO INC-STANTON #31,1550 FIRST STATE BLVD.,STANTON,DE,19804
149,833232,ABC SUPPLY CO-GLENS FALLS 149,1 PRUYNS ISLAND DRIVE,GLENS FALLS,NY,12801
835,157392,ABC SUPPLY CO INC-NEW HUDSON #372,55801 GRAND RIVER,NEW HUDSON,MI,48165
375,157393,ABC SUPPLY CO INC-PORT HURON #375,2650 HOWARD,PORT HURON,MI,48060
373,157394,ABC SUPPLY CO INC-LIVONIA #373,11970 FARMINGTON ROAD,LIVONIA,MI,48150
367,157396,ABC SUPPLY CO INC-CARNEGIE #367,68 ARCH STREET,CARNEGIE,PA,15106
362,157397,ABC SUPPLY CO INC- WHITE OAK #362,2900 JACK'S RUN RD,WHITE OAK,PA,15131
301,157398,ABC SUPPLY CO INC-NEW CASTLE #301,401 S. JEFFERSON ST.,NEW CASTLE,PA,16101
376,837706,ABC SUPPLY CO-BERGENFIELD 376,120 WOODBINE STREET,BERGENFIELD,NJ,07621
453,839643,ABC SUPPLY CO-RANDOLPH 453,101 CANFIELD AVE,RANDOLPH,NJ,07869
108,827414,ABC SUPPLY CO-SOUTHFIELD,21000 W 8 MILE RD,SOUTHFIELD,MI,48075
331,840731,ABC SUPPLY CO-LEE'S SUMMIT 331,624A NE JONES INDUSTRIAL DRIVE,LEES SUMMIT,MO,64064
301,841618,ABC SUPPLY CO-NEW CASTLE 301,401 SOUTH JEFFERSON ST.,NEW CASTLE,PA,16101
365,842137,ABC SUPPLY CO-HAINESPORT 365,3 MARY WAY,HAINESPORT,NJ,08036
228,842891,ABC SUPPLY CO-CLEARWATER 228,4625 122ND AVE N.,CLEARWATER,FL,33762
492,842892,ABC SUPPLY CO-PINELLAS PARK 492,6520 35TH STREET N.,PINELLAS PARK,FL,33781
190,157399,ABC SUPPLY CO INC-COLUMBUS #190,3920 GROVES ROAD,COLUMBUS,OH,43232
84,831771,ABC SUPPLY CO-NEWPORT NEWS,111 HUNTER ROAD,NEWPORT NEWS,VA,23601
110,157198,ABC SUPPLY CO INC-NASHVILLE #110,1818 ELM HILL PIKE,NASHVILLE,TN,37210
126,1532,ABC SUPPLY CO INC-BURLINGTON #126,681 S. KANE STREET,BURLINGTON,WI,53105
215,1545,ABC SUPPLY CO INC-ROCHESTER #215,1450 LYELL AVENUE,ROCHESTER,NY,14606
242,1583,"ABC SUPPLY CO., INC. #242",12151 TAC COURT,MANASSAS,VA,20109
82,1587,ABC SUPPLY CO-FREDRICKSBURG #82,234 INDUSTRIAL COURT,FREDERICKSBURG,VA,22408
28,1590,ABC SUPPLY CO INC-RICHMOND #28,2120 BELLEMEADE ROAD,RICHMOND,VA,23224
357,1611,ABC SUPPLY CO-CHESAPEAKE #357,1329 VICTORY BOULEVARD,CHESAPEAKE,VA,23323
769,3737,TOWN & COUNTRY IND - OCALA,115 SW 49TH AVENUE,OCALA,FL,34474
83,13696,ABC SUPPLY CO INC-BALTIMORE #83,3901 BUENA VISTA AVENUE,BALTIMORE,MD,21211
297,30428,ABC SUPPLY CO INC-FINDLAY,6277 COUNTY ROAD 212,FINDLAY,OH,45840
424,242006,ABC SUPPLY CO INC-EXTON #424,145 S. WHITFORD ROAD,EXTON,PA,19341
514,242023,ABC SUPPLY CO SUPPLY - RALEIGH #514,1140 N. NEW HOPE RD.,RALEIGH,NC,27610
757,3725,TOWN & COUNTRY IND - JACKSONVILLE,8215 WESTSIDE INDUSTRIAL DRIVE,JACKSONVILLE,FL,32219
774,3749,TOWN & COUNTRY IND - PENSACOLA,9310 WARING ROAD,PENSACOLA,FL,32534
770,3755,TOWN & COUNTRY IND - LECANTO,2988 W. GULF TO LAKE HIGHWAY,LECANTO,FL,34461
7,157357,ABC SUPPLY CO INC-GREEN BAY #07,1838 VELP AVENUE,GREEN BAY,WI,54303
410,241996,ABC SUPPLY CO INC-BETHLEHEM #410,2225 AVENUE A,BETHLEHEM,PA,18017
408,242010,ABC SUPPLY CO INC-LAKEWOOD #408,540 JAMES STREET,LAKEWOOD,NJ,08701
413,242034,ABC SUPPLY CO INC-WOODLYNNE #413,2201 MT. EPHRAIM AVENUE,CAMDEN,NJ,08104
518,242050,ABC SUPPLY CO INC-GREENVILLE #518,100 BI-LO BLVD.,GREENVILLE,SC,29607
803,3715,TOWN & COUNTRY IND -FT LAUDERDALE (P),400 WEST MCNAB RD,FORT LAUDERDALE,FL,33309
120,30427,ABC SUPPLY CO INC-AKRON #120,1320 STARLIGHT DRIVE,AKRON,OH,44306
332,157303,ABC SUPPLY CO INC-ERLANGER #332,3 FLORIDIAN DRIVE,ERLANGER,KY,41018
240,1581,ABC SUPPLY CO INC-CHEVERLY(SHIP) #240,5800 COLUMBIA PARK ROAD,CHEVERLY,MD,20785
813,3740,TOWN & COUNTRY IND - FT MYERS,6301 METROPLEX DRIVE,FORT MYERS,FL,33966
44,13385,ABC SUPPLY CO INC-COLUMBIA,855 BROOKWOOD DRIVE,COLUMBIA,SC,29201
19,157159,ABC SUPPLY CO INC-HAGERSTOWN #19,801 POPE AVENUE,HAGERSTOWN,MD,21740
130,157300,ABC SUPPLY CO INC-INDIANAPOLIS #130,5427 WEST 84TH STREET,INDIANAPOLIS,IN,46268
515,242001,ABC SUPPLY CO-PINEVILLE #515,8900 CRUMP ROAD,PINEVILLE,NC,28134
453,242024,ABC SUPPLY CO INC-RANDOLPH #453,101 CANFIELD AVENUE,RANDOLPH,NJ,07869
451,242026,ABC SUPPLY CO INC-RIVERDALE #451,107 RIVERDALE RD.,RIVERDALE,NJ,07457
422,242029,ABC SUPPLY CO INC-SALISBURY #422,300E MOSS HILL LANE,SALISBURY,MD,21804
447,242079,ABC SUPPLY CO-SYRACUSE #447,357 SPENCER STREET,SYRACUSE,NY,13204
241,1582,ABC SUPPLY CO INC-WALDORF #241,22C  INDUSTRIAL PARK DRIVE,WALDORF,MD,20602
84,1609,ABC SUPPLY CO INC-NEWPORT NEWS #84,111 HUNTER ROAD,NEWPORT NEWS,VA,23601
763,3764,TOWN & COUNTRY IND - LARGO,6750 CROSS BAYOU DRIVE,LARGO,FL,33777
768,3734,TOWN & COUNTRY IND - HUDSON,16748 SCHEER BOULEVARD,HUDSON,FL,34667
181,145590,ABC SUPPLY CO INC-WINCHESTER #181,131 KENTMERE RD.,WINCHESTER,VA,22603
77,157306,ABC SUPPLY CO INC-CLEVELAND #77,"4855 W. 130TH STREET, STE 1",CLEVELAND,OH,44135
289,157333,ABC SUPPLY CO INC-BUFFALO #289,266 BROADWAY STREET,BUFFALO,NY,14204
329,157376,ABC SUPPLY CO INC-WINDSOR #329,4349 DURAFORM LANE,WINDSOR,WI,53598
419,241991,ABC SUPPLY CO INC-YORK #419,2608 KEYWAY DR.,YORK,PA,17402
433,242081,ABC SUPPLY CO INC-SPRINGFIELD #433,270 ROCUS STREET,SPRINGFIELD,MA,01104
816,3719,TOWN & COUNTRY IND - ORLANDO,"4311 SHADER ROAD, #100",ORLANDO,FL,32808
819,3722,TOWN & COUNTRY IND - MELBOURNE,"7300 TECHNOLOGY DRIVE, STE. D",WEST MELBOURNE,FL,32904
761,3728,TOWN & COUNTRY IND - COLUMBUS,"5224 MILLER ROAD, STE. B-1",COLUMBUS,GA,31909
759,3731,TOWN & COUNTRY IND - POOLER,5240 OLD LOUISVILLE ROAD BLDG #44,POOLER,GA,31322
764,3746,TOWN & COUNTRY IND - SARASOTA,2320 INDUSTRIAL BOULEVARD,SARASOTA,FL,34234
814,3758,TOWN & COUNTRY IND - TAMPA #814,2950 MAINE AVE BAYS 6-8,LAKELAND,FL,33801
443,157386,ABC SUPPLY CO INC-AVENEL (S) #443,5 PRODUCTION WAY,AVENEL,NJ,07001
822,3761,TOWN & COUNTRY IND - FORT PIERCE,3800 CROSSROADS PARKWAY,FORT PIERCE,FL,34945
1206,242078,ABC SUPPLY CO INC-COLUMBUS 1206,2690 WINCHESTER PIKE,COLUMBUS,OH,43232
473,860823,ABC SUPPLY CO-HAZELWOOD 473,6000 HOWDERSHELL ROAD,HAZELWOOD,MO,63042
383,874582,ABC SUPPLY CO-LA CROSSE 383,2325 ENTERPRISE AVE,LA CROSSE,WI,54603
373,875063,ABC SUPPLY CO-LIVONIA 373,11970 FARMINGTON ROAD,LIVONIA,MI,48150
112,827357,ABC SUPPLY CO-OMAHA,13251 LYNAM DR,OMAHA,NE,68138
367,831780,ABC SUPPLY CO-CARNEGIE,68 ARCH STREET,CARNEGIE,PA,15106
381,157403,ABC SUPPLY CO INC-PHILADELPHIA #381,11500 ROOSEVELT BLVD.,PHILADELPHIA,PA,19116
478,886320,ABC SUPPLY CO-MEMPHIS #478,4365 WINCHESTER ROAD,MEMPHIS,TN,38118
325,755978,ABC SUPPLY CO -OAKWOOD #325,3707 OLD OAKWOOD ROAD,OAKWOOD,GA,30566
301,831781,ABC SUPPLY CO-NEW CASTLE,401 S JEFFERSON ST,NEW CASTLE,PA,16101
477,888273,ABC SUPPLY CO-ALEXANDRIA 477,5211 MORGAN ST,ALEXANDRIA,LA,71302
190,891434,ABC SUPPLY CO-COLUMBUS 190,3920 GROVES ROAD,COLUMBUS,OH,43232
385,145680,ABC SUPPLY CO-FORT WAYNE 385,2121 RESEARCH DRIVE,FORT WAYNE,IN,46808
393,893270,ABC SUPPLY CO-CHARLESTON 393,1430 PENNSYLVANIA AVENUE,CHARLESTON,WV,25302
364,157404,ABC SUPPLY CO INC-RUNNEMEDE #364,601 EAST CLEMENTS BRIDGE ROAD,RUNNEMEDE,NJ,08078
388,894387,ABC SUPPLY CO-BILLINGS 388,333 BERNARD STREET,BILLINGS,MT,59101
392,894708,ABC SUPPLY CO-OMAHA GRACE ST. 392,1101 GRACE STREET,OMAHA,NE,68110
394,896000,ABC SUPPLY CO-NEWNAN 394,116 HILLWOOD CIRCLE,NEWNAN,GA,30263
736,756000,ABC SUPPLY CO - BELOIT #616,ONE ABC PKWY STE 616,BELOIT,WI,53511
536,756004,ABC SUPPLY CO -DETROIT #536,1200 E MCNICHOLS,HIGHLAND PARK,MI,48203
537,756005,ABC SUPPLY CO -FENTON #537,3145 COPPER AVE,FENTON,MI,48430
538,756006,ABC SUPPLY CO -GOSHEN #538,2440 SUPREME COURT,GOSHEN,IN,46528
336,756008,ABC SUPPLY CO -JACKSON #336,4000 EAST HIGH STREET,JACKSON,MI,49203
373,756010,ABC SUPPLY CO -LIVONIA #542,11970 FARMINGTON RD,LIVONIA,MI,48152
545,756013,ABC SUPPLY CO -SANFORD #545,2252 NORTH MERIDIAN ROAD,SANFORD,MI,48657
67,756014,ABC SUPPLY CO -SOUTH BEND #67,815 OLIVER PLOW COURT,SOUTH BEND,IN,46601
9,756015,ABC SUPPLY CO-TOLEDO #09,5264 TELEGRAPH ROAD,TOLEDO,OH,43612
548,756016,ABC SUPPLY CO -WATERFORD #548,5211 WILLIAMS LAKE ROAD,WATERFORD,MI,48329
395,911399,ABC SUPPLY CO-CUMBERLAND 395,12101 UPPER POTOMAC INDUSTRIAL PARK,CUMBERLAND,MD,21502
37,756021,ABC SUPPLY CO - HOUSTON #037,250 CENTURY PLAZA DR,HOUSTON,TX,77073
399,913676,ABC SUPPLY CO-MARCY 399,9206 RIVER ROAD,MARCY,NY,13403
133,914746,ABC SUPPLY CO-AMARILLO 133,4601 SOUTH WASHINGTON,AMARILLO,TX,79103
552,914787,ABC SUPPLY CO-WORCESTER 552,18 SHERMAN STREET,WORCESTER,MA,01610
551,917022,ABC SUPPLY CO-MINNEAPOLIS 551,2727 26TH AVE SOUTH,MINNEAPOLIS,MN,55406
106,831784,ABC SUPPLY CO- DAYTON,7477 OLD TROY PIKE,DAYTON,OH,45424
782,925639,ABC SUPPLY CO-MIAMI,2751 NW 73RD STREET,MIAMI,FL,33147
404,931828,ABC SUPPLY CO-INDIANAPOLIS (SHADE) 404,"2900 N SHADELAND AVE, SUITE F",INDIANAPOLIS,IN,46219
385,831786,ABC SUPPLY CO-FORT WAYNE,2121 RESEARCH DRIVE,FORT WAYNE,IN,46808
264,157199,ABC SUPPLY CO INC-MURFREESBORO #264,640 NEW SALEM HIGHWAY,MURFREESBORO,TN,37129
554,15407,ABC SUPPLY CO INC-CHARLOTTESVILLE #554,4257 SEMINOLE TRAIL - SUITE E,CHARLOTTESVILLE,VA,22911
46,3766,TOWN & COUNTRY IND - TAMPA #783,5300 EAST ADAMO DRIVE,TAMPA,FL,33619
340,953612,ABC SUPPLY CO-OREM 340,1522 WEST 400 NORTH,OREM,UT,84058
758,3767,TOWN & COUNTRY IND - GAINESVILLE,"605 N.W. 53RD AVENUE, STE A-1",GAINESVILLE,FL,32609
640,955706,ABC SUPPLY CO-ROCA 640,2233 PRODUCTION DRIVE,ROCA,NE,68430
538,957804,ABC SUPPLY CO-GOSHEN 538,2440 SUPREME COURT,GOSHEN,IN,46528
366,959277,ABC SUPPLY CO-EVANSVILLE 366,2506 HIGHWAY 41 NORTH,EVANSVILLE,IN,47711
647,959373,ABC SUPPLY CO-NEW BRIGHTON 647,100 9TH AVE SW,NEW BRIGHTON,MN,55112
107,756023,ABC SUPPLY CO -TAYLOR #107,25105 BREST ROAD,TAYLOR,MI,48180
287,959739,ABC SUPPLY CO-PENSACOLA 287,3100 N. PALAFOX STREET,PENSACOLA,FL,32501
673,960059,ABC SUPPLY CO-CARENCRO 673,621 HECTOR CONNOLY ROAD,CARENCRO,LA,70520
626,960060,ABC SUPPLY CO-MOORHEAD 626,4108 30TH AVENUE SOUTH,MOORHEAD,MN,56560
374,756018,ABC SUPPLY CO -CHESTERFIELD #374,50405 PATRICIA STREET,CHESTERFIELD,MI,48051
255,961090,ABC SUPPLY CO-OXFORD 255,57 DEPOT USA DRIVE,OXFORD,AL,36203
690,961091,ABC SUPPLY CO-NAPERVILLE 690,720 FRONTENAC ROAD,NAPERVILLE,IL,60563
470,961676,ABC SUPPLY CO-N LITTLE ROCK PROGRESS 470,3701 E PROGRESS STREET,NORTH LITTLE ROCK,AR,72114
632,961728,ABC SUPPLY CO-LOUISVILLE COMMERCE DR 632,4601 COMMERCE CROSSING DRIVE #100,LOUISVILLE,KY,40229
44,756024,ABC SUPPLY CO - COLUMBIA MBA #745,917 BROOKWOOD DRIVE,COLUMBIA,SC,29201
517,756025,ABC SUPPLY CO - MYRTLE BEACH #517,3961 WESLEY STREET,MYRTLE BEACH,SC,29579
618,756026,ABC SUPPLY CO - CONWAY #618,249 EAST COX FERRY ROAD,CONWAY,SC,29526
835,963257,ABC SUPPLY CO-NEW HUDSON 372,55801 GRAND RIVER AVE,NEW HUDSON,MI,48165
560,242099,ABC SUPPLY CO INC-ANNAPOLIS #560,15 LEE STREET,ANNAPOLIS,MD,21401
561,963331,ABC SUPPLY CO-STAMFORD 561,37 BROWN HOUSE ROAD,STAMFORD,CT,06902
57,138132,ABC SUPPLY CO-COLUMBUS GA 57,4141 MILGEN RD,COLUMBUS,GA,31907
300,138134,ABC SUPPLY CO-BRYAN 300,3000 HWY 21 E,BRYAN,TX,77803
37,138135,ABC SUPPLY CO-HOUSTON (SHIPTO) 37,250 CENTURY PLAZA,HOUSTON,TX,77073
176,138136,ABC SUPPLY CO-WEBSTER 176,333 TRISTAR DR,WEBSTER,TX,77598
180,138137,ABC SUPPLY CO-NEDERLAND 180,7620 BEAUXARD GARDEN ROAD,NEDERLAND,TX,77627
310,138138,ABC SUPPLY CO-LAKE CHARLES 310,3917 HWY 90,LAKE CHARLES,LA,70615
437,138295,ABC SUPPLY CO-WORCETER 437,2 SHERMAN STREET,WORCESTER,MA,01610
270,138317,ABC SUPPLY CO-JOHNSON CITY 270,2801 E OAKLAND AVE,JOHNSON CITY,TN,37602
32,138318,ABC SUPPLY CO-CHARLOTTE 32,3100 PARKSIDE ROAD,CHARLOTTE,NC,28208
43,138320,ABC SUPPLY CO-CHATTANOOGA 43,2225 POLYMER DR,CHATTANOOGA,TN,37421
281,138321,ABC SUPPLY CO-KNOXVILLE 281,220 ROYAL CROWN DRIVE,KNOXVILLE,TN,37919
292,138324,ABC SUPPLY CO-MORRISTOWN 292,2515 FRONTIER WAY,MORRISTOWN,TN,37814
291,138325,ABC SUPPLY CO-ABINGDON 291,588 CUMMINGS STREET,ABINGDON,VA,24210
325,138357,ABC SUPPLY CO-OAKWOOD 325,3707 OLD OAKWOOD RD,OAKWOOD,GA,30566
184,138358,ABC SUPPLY CO-CONLEY 184,1724 KOPPERS RD,CONLEY,GA,30288
232,138399,ABC SUPPLY CO-MCALLEN 232,6110 S 42ND ST,MCALLEN,TX,78503
60,138402,ABC SUPPLY CO-CORPUS CHRISTI 60,737 N PADRE ISLAND DR,CORPUS CHRISTI,TX,78406
39,138403,ABC SUPPLY CO-AUSTIN 39,901 E ST JOHN,AUSTIN,TX,78752
38,138404,ABC SUPPLY CO-SAN ANTONIO 38,2200 CHIPLEY CIRCLE,SAN ANTONIO,TX,78217
65,138405,ABC SUPPLY CO-HARLINGEN 65,401-C NORTH T ST,HARLINGEN,TX,78550
327,138406,ABC SUPPLY CO-ATHENS 327,925 ATHENA DRIVE,ATHENS,GA,30601
91,138436,ABC SUPPLY CO-LAKEWOOD 91,9516 39TH AVENUE CT SW,LAKEWOOD,WA,98499
118,138437,ABC SUPPLY CO-MURRAY 118,5602 S 300 W,MURRAY,UT,84107
73,138438,ABC SUPPLY CO-EVERETT 73,2315 W CASINO DR,EVERETT,WA,98204
201,138439,ABC SUPPLY CO-SPOKANE 201,1321 N THIERMAN RD,SPOKANE VALLEY,WA,99212
235,136718,ABC SUPPLY CO-SWANNANOA 235,110 BUCKEYE COVE RD,SWANNANOA,NC,28778
42,136720,ABC SUPPLY CO-ATLANTA 42,5700 TULANE DR SW,ATLANTA,GA,30336
77,136740,ABC SUPPLY CO-CLEVELAND 77,4855 W. 130TH ST,CLEVELAND,OH,44135
205,136762,ABC SUPPLY CO-KENOSHA 205,5814 77TH ST,KENOSHA,WI,53142
268,136774,ABC SUPPLY CO-ADDISON 268,133 SOUTH ROHWLING RD,ADDISON,IL,60101
304,136776,ABC SUPPLY CO-NORTH KANSAS CITY 304,611 E 13TH AVE,NORTH KANSAS CITY,MO,64116
123,136777,ABC SUPPLY CO-JOPLIN 123,3632 EAST 20TH ST,JOPLIN,MO,64801
654,136782,ABC SUPPLY CO-NASHVILLE 654,1045 ELM HILL PIKE,NASHVILLE,TN,37210
220,136783,ABC SUPPLY CO-PONTOTOC 220,2000 HWY 15 NORTH,PONTOTOC,MS,38863
561,1006009,ABC SUPPLY CO-STAMFORD,37 BROWN HOUSE ROAD,STAMFORD,CT,06902
555,1854838,ABC SUPPLY CO-JACKSONVILLE 555,485 WC JARMAN DRIVE,JACKSONVILLE,NC,28540
601,1855649,ABC SUPPLY CO-GREENVILLE 601,N1824 GREENVILLE DR,GREENVILLE,WI,54952
359,1856219,ABC SUPPLY CO-BELLAIRE 359,5330 GUERNSEY STREET,BELLAIRE,OH,43906
1240,1858290,ABC SUPPLY CO-CHESWICK 1240,460 NIXON ROAD,CHESWICK,PA,15024
1240,1858959,ABC SUPPLY CO-CHESWICK 1240,460 NIXON ROAD,CHESWICK,PA,15024
1227,1860232,ABC SUPPLY CO-TIFFIN 1227,1450 ROBERTS FERRY ROAD,TIFFIN,IA,52340
1222,1870709,ABC SUPPLY CO-LUFKIN 1222,146 WINSTON 8 RANCH ROAD,LUFKIN,TX,75904
416,1871308,ABC SUPPLY CO-LORTON 416,7109 RAINWATER PL,LORTON,VA,22079
668,1879044,ABC SUPPLY CO-DAVISVILLE 668,157 S MEADVILLE RD,DAVISVILLE,WV,26142
1218,1879978,ABC SUPPLY CO-ST GEORGE 1218,982 E FACTORY DR,ST GEORGE,UT,84790
1228,1882083,ABC SUPPLY CO INC-HAVRE DE GRACE #1228,2129 PULASKI HIGHWAY,HAVRE DE GRACE,MD,21078
1251,1884506,ABC SUPPLY CO-GIBBON 1251,40060 HIGHWAY 30,GIBBON,NE,68840
1242,1886751,ABC SUPPLY CO-POTTSTOWN #1242,105 JONES BLVD,POTTSTOWN,PA,19464
1221,1887602,ABC SUPPLY CO-OKLAHOMA CITY #1221,531 N ANN ARBOR AVE,OKLAHOMA CITY,OK,73127
213,1893936,ABC SUPPLY CO-AVONDALE #213,885 N ELISEO FELIX JR WAY,AVONDALE,AZ,85323
662,1894499,ABC SUPPLY CO-BRIDGEPORT 662,1211 AFG ROAD,BRIDGEPORT,WV,26330
1212,1906857,ABC SUPPLY CO-ELIZABETHTOWN 1212,210 STEEL DR,ELIZABETHTOWN,KY,42701
2,136947,ABC SUPPLY CO-COLLINSVILLE 002,5300 HORSESHOE LAKE RD,COLLINSVILLE,IL,62234
432,136948,ABC SUPPLY CO-CHELMSFORD 432,20 INDUSTRIAL AVE,CHELMSFORD,MA,01824
4,137000,ABC SUPPLY CO-MUSKEGON 004,2285 ROBERTS STREET,MUSKEGON,MI,49444
334,137001,ABC SUPPLY CO-LANSING 334,1515 NORTH GRAND RIVER,LANSING,MI,48906
15,137002,ABC SUPPLY CO-GRAND RAPIDS 15,2601 S DIVISION,GRAND RAPIDS,MI,49507
200,137003,ABC SUPPLY CO-KALAMAZOO 200,5177 COMSTOCK AVE,KALAMAZOO,MI,49048
336,137004,"ABC SUPPLY CO-JACKSON, MI 336",4000 EAST HIGH,JACKSON,MI,49203
156,137006,ABC SUPPLY CO-INDIANAPOLIS 156,1930 W EDGEWOOD DR,INDIANAPOLIS,IN,46217
67,137007,ABC SUPPLY CO-SOUTH BEND 67,815 OLIVER PLOW CT.,SOUTH BEND,IN,46601
7,137010,ABC SUPPLY CO-GREEN BAY 007,1838 VELP AVE,GREEN BAY,WI,54303
69,137017,ABC SUPPLY CO-CINCINNATI 69,4860 SPRING GROVE AVE,CINCINNATI,OH,45232
70,137018,ABC SUPPLY CO-LOUISVILLE 70,619 INDUSTRY RD,LOUISVILLE,KY,40208
82,137020,ABC SUPPLY CO-FREDERICKSBURG 82,234 INDUSTRIAL COURT,FREDERICKSBURG,VA,22408
29,137021,ABC SUPPLY CO-SPRINGFIELD VA 7373,6707 ELECTRONIC DRIVE,SPRINGFIELD,VA,22151
242,137024,ABC SUPPLY CO-MANASSAS 242,12151 TAC CT,MANASSAS,VA,20109
241,137025,ABC SUPPLY CO-WALDORF 241,22 INDUSTRIAL PARK RD,WALDORF,MD,20602
129,137027,ABC SUPPLY CO-GREENVILLE 129,937 WOODRIDGE PARK RD,GREENVILLE,NC,27834
120,137109,ABC SUPPLY CO-AKRON 120,1320 STARLIGHT DR,AKRON,OH,44306
87,137110,ABC SUPPLY CO-YOUNGSTOWN 87,399 S MERIDIAN RD,YOUNGSTOWN,OH,44509
13,137111,ABC SUPPLY CO-MENTOR 13,9099 TYLER BLVD,MENTOR,OH,44060
193,137112,ABC SUPPLY CO-CANTON 193,1515 BANK PL SW,CANTON,OH,44706
103,137126,ABC SUPPLY CO-AUGUSTA 103,999 5TH ST,AUGUSTA,GA,30901
44,137130,ABC SUPPLY CO-COLUMBIA SC 44,855 BROOKWOOD RD,COLUMBIA,SC,29201
109,137132,ABC SUPPLY CO-MYRTLE BEACH 109,441 ABC DRIVE,MYRTLE BEACH,SC,29578
150,137137,ABC SUPPLY CO-ENDWELL 150,3125 PEARL ST,ENDWELL,NY,13760
309,137139,ABC SUPPLY CO-TOBYHANNA 309,264 ROUTE 196,TOBYHANNA,PA,18466
134,137160,ABC SUPPLY CO-PORTLAND ME 134,12 RICE ST,PORTLAND,ME,04103
148,137161,ABC SUPPLY CO-MANCHESTER 148,295 E INDUSTRIAL PARK DR,MANCHESTER,NH,03109
26,137177,ABC SUPPLY CO-MEMPHIS 26,2900 AIRWAYS BLVD,MEMPHIS,TN,38132
222,137181,ABC SUPPLY CO-JONESBORO 222,2501 COMMERCE DR,JONESBORO,AR,72404
286,137185,ABC SUPPLY CO-BATON ROUGE 286,8721 GREENWELL SPRINGS RD,BATON ROUGE,LA,70814
79,137190,ABC SUPPLY CO-JEFFERSON 79,748 ST GEORGE AVE,JEFFERSON,LA,70121
108,137205,ABC SUPPLY CO-SOUTHFIELD 108,21000 W 8 MILE RD,SOUTHFIELD,MI,48075
107,137206,ABC SUPPLY CO-TAYLOR 107,25105 BREST ROAD,TAYLOR,MI,48180
62,137225,ABC SUPPLY CO-FRESNO 872,1379 N RABE AVE,FRESNO,CA,93727
323,137227,ABC SUPPLY CO-SALEM 323,3901 STATE ST NE,SALEM,OR,97301
96,137228,ABC SUPPLY CO-EUGENE 96,4226 W 6TH AVE,EUGENE,OR,97402
557,137230,ABC--DO NOT USE,3610 SE 29TH AVE,PORTLAND,OR,97202
116,137234,ABC SUPPLY CO-HONOLULU 116,749 MAPUNAPUNA ST,HONOLULU,HI,96819
85,137244,ABC SUPPLY CO-DELRAN 85,5004 ROUTE 130 NORTH,DELRAN,NJ,08075
31,137246,ABC SUPPLY CO-STANTON 31,1550 FIRST STATE BLVD,STANTON,DE,19804
83,137276,ABC SUPPLY CO-NORTH BALTIMORE 83,3901 BUENA VISTA AVE,NORTH BALTIMORE,MD,21211
20,137279,ABC SUPPLY CO-BALTIMORE 20,3924 VERO ROAD,BALTIMORE,MD,21227
244,137280,ABC SUPPLY CO-FREDERICK 244,6822 ENGLISH MUFFIN WAY,FREDERICK,MD,21703
233,137282,ABC SUPPLY CO-ROCKVILLE 233,15 DERWOOD CIRCLE,ROCKVILLE,MD,20850
89,137293,ABC SUPPLY CO-READING 89,2591 CENTRE AVE,READING,PA,19605
275,137560,ABC SUPPLY CO-MERRILLVILLE 275,6501 BROADWAY ST,MERRILLVILLE,IN,46410
329,137824,ABC SUPPLY CO-WINDSOR 329,4349 DURAFORM LN,WINDSOR,WI,53598
266,137826,ABC SUPPLY CO-NEENAH 266,685 WATERMARK CT,NEENAH,WI,54956
16,137827,ABC SUPPLY CO-FOND DU LAC 16,815 S PIONEER RD,FOND DU LAC,WI,54935
22,137828,ABC SUPPLY CO-HARTLAND 22,550 S INDUSTRIAL DR,HARTLAND,WI,53029
18,137829,ABC SUPPLY CO-MADISON (SHIPTO) 18,1002 ANN ST,MADISON,WI,53713
17,137830,ABC SUPPLY CO-WEST ALLIS 17,11111 W LAPHAM ST,WEST ALLIS,WI,53214
126,137832,ABC SUPPLY CO-BURLINGTON 126,681 S KANE ST,BURLINGTON,WI,53105
1,137835,ABC SUPPLY CO-MACHESNEY PARK 001,7167 GREENLEE DR,MACHESNEY PARK,IL,61011
282,137836,ABC SUPPLY CO-HUNTINGTON 282,1703 SEVENTH AVE,HUNTINGTON,WV,25703
210,137851,ABC SUPPLY CO-COAL VALLEY 210,1737 WEST 1ST  AVENUE,COAL VALLEY,IL,61240
196,137852,ABC SUPPLY CO-DUBUQUE 196,5870 CHAVENELLE RD,DUBUQUE,IA,52002
140,137853,ABC SUPPLY CO-WATERLOO 140,2550 GT DRIVE,WATERLOO,IA,50703
105,137854,ABC SUPPLY CO-CEDAR RAPIDS 105,9800 ATLANTIC DR,CEDAR RAPIDS,IA,52404
10,137855,ABC SUPPLY CO-DAVENPORT 10,3810 W RIVER DR,DAVENPORT,IA,52802
111,137856,ABC SUPPLY CO-ALTOONA 111,1601 34TH AVE NW,ALTOONA,IA,50009
316,137860,ABC SUPPLY CO-MANTENO 316,100 S SPRUCE STREET,MANTENO,IL,60950
219,137861,ABC SUPPLY CO-LA SALLE 219,13 GUNIA DR,LA SALLE,IL,61301
155,137862,ABC SUPPLY CO-CHAMPAIGN,701 KENYON RD,CHAMPAIGN,IL,61820
199,137863,ABC SUPPLY CO-FREEPORT 199,301 N HENDERSON AVE,FREEPORT,IL,61032
195,137864,ABC SUPPLY CO-ROCKFORD 195,2020 HARRISON AVE,ROCKFORD,IL,61104
273,137865,ABC SUPPLY CO-EAST PEORIA 273,399 TRUCK HAVEN RD,EAST PEORIA,IL,61611
214,137867,ABC SUPPLY CO-ROCHELLE 214,112 MAPLE CT,ROCHELLE,IL,61068
276,137872,ABC SUPPLY CO-POUGHKEEPSIE 276,900 DUCHESS TURNPIKE,POUGHKEEPSIE,NY,12603
86,137873,ABC SUPPLY CO-HICKSVILLE 86,55 LUDY ST,HICKSVILLE,NY,11801
456,137878,ABC SUPPLY CO-FREEPORT 456,"146 HANSE AVE, STE #2",FREEPORT,NY,11520
449,137895,ABC SUPPLY CO-CLIFTON 449,45 SAMWORTH RD,CLIFTON,NJ,07012
341,137913,ABC SUPPLY CO-WATERTOWN 341,434 EASTERN BLVD (ABC STORE #341),WATERTOWN,NY,13601
289,137914,ABC SUPPLY CO-BUFFALO 289,266 BROADWAY,BUFFALO,NY,14204
215,137915,ABC SUPPLY CO-ROCHESTER 215,1450 LYELL AVE,ROCHESTER,NY,14606
81,137923,ABC SUPPLY CO - N LITTLE ROCK,1650 E WASHINGTON AVE,NORTH LITTLE ROCK,AR,72114
34,137940,ABC SUPPLY CO-OKLAHOMA CITY 34,1500 W. RENO AVENUE,OKLAHOMA CITY,OK,73106
35,137941,ABC SUPPLY CO-TULSA (SHIPTO) 35,7333 E 38TH ST,TULSA,OK,74147
21,137950,ABC SUPPLY CO-RALEIGH 21,2412 YONKERS RD,RALEIGH,NC,27604
154,137951,ABC SUPPLY CO-FAYETTEVILLE 154,3297 DOC BENNETT RD,FAYETTEVILLE,NC,28306
49,138072,ABC SUPPLY CO-DENVER,2401 E 40TH AVE,DENVER,CO,80205
128,138073,ABC SUPPLY CO-GRAND JUNCTION 128,1110 KIMBALL AVE,GRAND JUNCTION,CO,81501
194,138094,ABC SUPPLY CO-LINCOLN 194,8200 FLETCHER AVE,LINCOLN,NE,68507
8,138096,ABC SUPPLY CO-ST PAUL 008,150 STATE ST,SAINT PAUL,MN,55107
112,138098,ABC SUPPLY CO-OMAHA 112,13251 LYNAM DRIVE,OMAHA,NE,68138
216,138099,ABC SUPPLY CO-SIOUX FALLS 216,4815 N CLIFF AVE,SIOUX FALLS,SD,57104
296,30429,ABC SUPPLY CO INC-MOUNT VERNON #296,300 PITTSBURGH AVENUE,MOUNT VERNON,OH,43050
391,965611,ABC SUPPLY CO-ST. LOUIS 391,1492 KIN-ARK COURT,SAINT LOUIS,MO,63132
642,965612,ABC SUPPLY CO-LAFAYETTE 642,3400 CONCORD ROAD,LAFAYETTE,IN,47909
559,965647,ABC SUPPLY CO-HOLLAND 559,955 BROOKS AVENUE UNIT 3,HOLLAND,MI,49423
14,756035,ABC SUPPLY CO -SAGINAW #014,6305 TITTABAWASSEE RD,SAGINAW,MI,48601
954,348010,ABC SUPPLY CO (P),ONE ABC PARKWAY,BELOIT,WI,53512
430,138702,ABC SUPPLY CO-HARTFORD 430,239 WESTON ST,HARTFORD,CT,06120
101,138909,ABC SUPPLY CO-EL PASO 101,12105 ROJAS DR,EL PASO,TX,79936
136,138910,ABC SUPPLY CO-WICHITA FALLS 136,1308 TWIN OAKS,WICHITA FALLS,TX,76302
305,138913,ABC SUPPLY CO-SHERMAN 305,2325 N TRAVIS ST,SHERMAN,TX,75092
119,138916,ABC SUPPLY CO-SHREVEPORT 119,6505 SAINT VINCENT AVENUE,SHREVEPORT,LA,71106
36,138917,ABC SUPPLY CO-LONGVIEW 36,1006 W COTTON,LONGVIEW,TX,75608
183,138918,ABC SUPPLY CO-NOLANVILLE 183,1101 E PHILLIP NOLAN EXPRESSWAY,NOLANVILLE,TX,76559
11,138920,ABC SUPPLY CO-FORT WORTH 11,7400 JACK NEWELL BLVD SOUTH,FORT WORTH,TX,76118
182,138921,ABC SUPPLY CO-ABILENE 182,4341 CRAWFORD DR,ABILENE,TX,79602
312,138923,ABC SUPPLY CO-GARLAND,2660 MARKET STREET,GARLAND,TX,75041
40,138925,ABC SUPPLY CO-WACO 40,1212 LA SALLE AVE,WACO,TX,76706
27,139052,ABC SUPPLY CO-NORFOLK 27,3373 PROGRESS RD,NORFOLK,VA,23502
84,139053,ABC SUPPLY CO-NEWPORT NEWS 84,111 HUNTER RD,NEWPORT NEWS,VA,23601
445,139171,ABC SUPPLY CO-ALBANY 445,29 RAILROAD AVENUE,ALBANY,NY,12205
139,139205,ABC SUPPLY CO-CHIPPEWA FALLS 139,2642 HALLIE RD,CHIPPEWA FALLS,WI,54729
92,139206,ABC SUPPLY CO-WAUSAU 92,1000 N 3RD ST,WAUSAU,WI,54403
234,139236,ABC SUPPLY CO-WATERBURY 234,18 W DOVER ST,WATERBURY,CT,06706
141,139242,ABC SUPPLY CO-BERLIN 141,554 BERLIN TURNPIKE,BERLIN,CT,06037
142,139248,ABC SUPPLY CO-NIANTIC 142,29 INDUSTRIAL PARK RD,NIANTIC,CT,06357
143,139257,ABC SUPPLY CO-BRIDGEPORT 143,1095 SOUTH AVE,BRIDGEPORT,CT,06604
218,139258,ABC SUPPLY CO-NILES 218,6220 WEST GROSS POINT ROAD,NILES,IL,60714
64,139259,ABC SUPPLY CO-MOKENA 64,8315 SPRING LAKE DRIVE,MOKENA,IL,60448
63,139260,ABC SUPPLY CO-WEST CHICAGO 63,29W 581 N AVE,WEST CHICAGO,IL,60185
30,139261,ABC SUPPLY CO-AURORA 30,1000 RATHBONE AVE,AURORA,IL,60506
202,139262,ABC SUPPLY CO-CRYSTAL LAKE 202,171 ERICK ST,CRYSTAL LAKE,IL,60012
5,139263,ABC SUPPLY CO-MUNDELEIN 005,930 S LAKE ST,MUNDELEIN,IL,60060
333,139264,ABC SUPPLY CO-GURNEE 333,1725 N DELANY ROAD,GURNEE,IL,60031
93,139265,ABC SUPPLY CO-CICERO 93,1600 S LARAMIE,CICERO,IL,60804
294,139266,ABC SUPPLY CO-JOLIET 294,108 EAST JACKSON RD,JOLIET,IL,60432
389,139267,ABC SUPPLY CO-FENTON 389,2391 CASSENS DR,FENTON,MO,63026
197,139272,ABC SUPPLY CO-CAPE GIRARDEAU 197,2340 RUSMAR ST,CAPE GIRARDEAU,MO,63703
321,139275,ABC SUPPLY CO-COLUMBIA MO 321,2708 MAGUIRE BLVD,COLUMBIA,MO,65201
145,139451,ABC SUPPLY CO-FALL RIVER 145,500 RODMAN ST,FALL RIVER,MA,02721
198,139462,ABC SUPPLY CO-AVON 198,59 LITTELFIELD ST,AVON,MA,02322
144,139472,ABC SUPPLY CO-PROVIDENCE 144,200 WHITEHALL ST,PROVIDENCE,RI,02909
46,139685,ABC SUPPLY CO-TAMPA 46,4502 ADAMO DR,TAMPA,FL,33605
97,139692,ABC SUPPLY CO-WICHITA S SHERIDAN 97,2535 S KESSLER,WICHITA,KS,67217
170,139693,ABC SUPPLY CO-SPRINGFIELD MO 170,3011 W CHESTNUT EXPRESSWAY,SPRINGFIELD,MO,65802
147,139695,ABC SUPPLY CO-MEDFORD 147,25 SYCAMORE AVE,MEDFORD,MA,02155
317,139703,ABC SUPPLY CO-SUDBURY 317,25 UNION AVE,SUDBURY,MA,01776
146,139714,ABC SUPPLY CO-SPRINGFIELD MA 146,152 FISK AVE,SPRINGFIELD,MA,01107
153,140114,ABC SUPPLY CO-MOBILE 153,2170 MAIN ST,MOBILE,AL,36617
482,140273,ABC SUPPLY CO-DENVER 482,3990 KEARNEY ST,DENVER,CO,80207
244,1585,ABC SUPPLY CO INC-FREDERICK #244,6822 ENGLISH MUFFIN WAY,FREDERICK,MD,21703
233,1588,ABC SUPPLY CO INC-ROCKVILLE #233,15 DERWOOD CIRCLE,ROCKVILLE,MD,20850
245,1586,ABC SUPPLY CO INC-RICHMOND #245,4700 VAWTER AVE,HENRICO,VA,23222
29,1591,ABC SUPPLY CO INC-SPRINGFIELD #29,6707 ELECTRONIC DR,SPRINGFIELD,VA,22151
240,142731,ABC SUPPLY CO-CHEVERLY (MBA) 240,5800 COLUMBIA PARK DR,CHEVERLY,MD,20785
335,142981,ABC SUPPLY CO-BENTON HARBOR 335,1875 MEADOWBROOK RD,BENTON HARBOR,MI,49022
351,184915,ABC SUPPLY CO-MACON 351,7749 DELTA DR,MACON,GA,31216
326,231058,ABC SUPPLY CO-TOPEKA 326,2031 NW HWY 24,TOPEKA,KS,66618
95,243428,ABC SUPPLY CO-COON RAPIDS 95,10141 WOODCREST DRIVE,COON RAPIDS,MN,55433
157,243430,ABC SUPPLY CO-MAPLE PLAIN 157,5130 INDUSTRIAL ST,MAPLE PLAIN,MN,55359
338,243432,ABC SUPPLY CO-ORONOCO 338,3750 85TH STREET NW,ORONOCO,MN,55960
496,242049,BRADCO SUPPLY - GAINESVILLE #57,3330 NE WALDO ROAD,GAINESVILLE,FL,32609
413,324542,ABC SUPPLY CO-CAMDEN 413,2201 MT EPHRAIM AVE,CAMDEN,NJ,08104
411,325312,ABC SUPPLY CO-PLEASANTVILLE 411,725B WEST DELILAH RD,PLEASANTVILLE,NJ,08232
451,332946,ABC SUPPLY CO-RIVERDALE 451,107 RIVERDALE RD,RIVERDALE,NJ,07457
616,966201,ABC SUPPLY CO-WHEELING 616,115 EAST MESSNER DRIVE,WHEELING,IL,60090
354,353959,ABC SUPPLY CO-SAVAGE 354,14399 HUNTINGTON AVE,SAVAGE,MN,55378
488,368343,ABC SUPPLY CO-FT LAUDERDALE 488,1150 NW 23RD AVE,FORT LAUDERDALE,FL,33311
435,368621,ABC SUPPLY CO-KEENE 435,131 WATER ST,KEENE,NH,03431
519,368721,ABC SUPPLY CO-SMYRNA 519,1819 S COBB INDUSTRIAL BLVD SE,SMYRNA,GA,30082
353,427030,ABC SUPPLY CO-ST. CLOUD 353,640 54TH AVENUE N,SAINT CLOUD,MN,56303
27,1599,ABC SUPPLY CO-NORFOLK #27,3373 PROGRESS ROAD,NORFOLK,VA,23502
171,466841,ABC SUPPLY CO-ST JOSEPH 171,3100 S US 69 HWY,SAINT JOSEPH,MO,64503
245,476804,ABC SUPPLY CO-HENRICO-VAWTER 245,4700 VAWTER AVE,HENRICO,VA,23222
223,493257,ABC SUPPLY CO-DURHAM 223,2204 TOBACCO RD,DURHAM,NC,27704
446,494067,ABC SUPPLY CO-VALLEY COTTAGE 446,2 FORD PRODUCTS RD,VALLEY COTTAGE,NY,10989
332,496049,ABC SUPPLY CO-ERLANGER 332,3 FLORIDIAN DR,ERLANGER,KY,41018
358,498537,ABC SUPPLY CO-JARVISBURG 358,7349 CARATOKE HWY,JARVISBURG,NC,27947
429,641056,ABC SUPPLY CO-WARMINSTER 429,633 MARY ST,WARMINSTER,PA,18974
357,523521,ABC SUPPLY CO-CHESAPEAKE 357,1329 VICTORY BLVD,CHESAPEAKE,VA,23323
74,547191,ABC SUPPLY CO-PORTLAND OR (SHIPTO) 74,1835 NE COLUMBIA BLVD,PORTLAND,OR,97211
395,831796,ABC SUPPLY CO-CUMBERLAND,12101 UPPER POTOMAC INDUSTRIAL PARK ST,CUMBERLAND,MD,21502
408,610619,ABC SUPPLY CO-LAKEWOOD 408,540 JAMES ST,LAKEWOOD,NJ,08701
427,624973,ABC SUPPLY CO-CAPE MAY COURTHOUSE 427,5 ENTERPRISE DR,CAPE MAY COURT HOUSE,NJ,08210
850,626026,ACM,1600 PARK AVE,BELOIT,WI,53511
359,630470,ABC SUPPLY CO-BELLAIRE 359,5338 GUERNSEY ST,BELLAIRE,OH,43906
109,157408,ABC SUPPLY CO INC-MYRTLE BEACH #109,441 ABC DRIVE,MYRTLE BEACH,SC,29577
372,756036,ABC SUPPLY CO -NEW HUDSON #372,55801 GRAND RIVER AVENUE,NEW HUDSON,MI,48165
252,966841,ABC SUPPLY WINSTON SALEM 252,301 PERIMETER POINT BOULEVARD,WINSTON SALEM,NC,27105
416,157409,ABC SUPPLY CO INC-LORTON #416,7109 RAINWATER PLACE,LORTON,VA,22079
379,157410,ABC SUPPLY CO INC-BALTIMORE #379,1807 EAST STREET,BALTIMORE,MD,21227
687,157413,ABC SUPPLY CO INC-MUNCIE #687,4501 S. COWAN ROAD,MUNCIE,IN,47302
289,831800,ABC SUPPLY CO-BUFFALO,266 BROADWAY,BUFFALO,NY,14206
566,970353,ABC SUPPLY CO-MANCHESTER CT 566,118 SANRICO DRIVE,MANCHESTER,CT,06042
574,148001,ABC SUPPLY CO-FOXBOROUGH 574,30 PANAS RD,FOXBOROUGH,MA,02035
31,971742,ABC SUPPLY CO-STANTON 031,1550 FIRST STATE BOULEVARD,STANTON,DE,19804
636,13699,ABC SUPPLY CO INC- MIDDLE RIVER #636,9020 PULASKI HWY,MIDDLE RIVER,MD,21220
261,971792,ABC SUPPLY CO-LAMBERTVILLE 261,1496 ROUTE 179,LAMBERTVILLE,NJ,08530
28,971797,ABC SUPPLY CO-RICHMOND 028,2120 BELLEMEADE ROAD,RICHMOND,VA,23224
112,971914,ABC SUPPLY CO-OMAHA 112,13251 LYNAM DRIVE,OMAHA,NE,68138
7,972021,ABC SUPPLY CO-GREEN BAY,1838 VELP AVENUE,GREEN BAY,WI,54303
9,972742,ABC SUPPLY CO-TOLEDO,5264 TELEGRAPH ROAD,TOLEDO,OH,43612
69,972921,ABC SUPPLY CO INC-CINCINNATI #69,4860 SPRING GROVE AVENUE,CINCINNATI,OH,45232
602,973195,ABC SUPPLY CO-WILLISTON 602,78 ADAMS DRIVE,WILLISTON,VT,05495
392,973203,ABC SUPPLY CO-OMAHA 392,1101 GRACE STREET,OMAHA,NE,68110
615,976117,ABC SUPPLY CO-WAUKEE 615,5100 UTE AVENUE,WAUKEE,IA,50263
43,976437,ABC SUPPLY CO INC-CHATTANOOGA #43,2225 POLYMER DRIVE,CHATTANOOGA,TN,37421
688,976712,ABC SUPPLY CO-BISMARCK 688,631 CHANNEL DRIVE,BISMARCK,ND,58501
531,977088,ABC SUPPLY CO-TINTON FALLS 531,100 PARK ROAD,TINTON FALLS,NJ,07724
21,983519,ABC SUPPLY-RALEIGH 021,2412 YONKERS ROAD,RALEIGH,NC,27604
575,985209,ABC SUPPLY CO-ELGIN 575,1147 TIMBER DRIVE,ELGIN,IL,60123
460,1016718,ABC SUPPLY CO-CARROLLTON 406,1500 HUTTON DRIVE,CARROLLTON,TX,75006
440,1024832,ABC SUPPLY CO - WOBURN,3 WHEELING AVENUE,WOBURN,MA,01801
257,1027088,ABC SUPPLY CO-SPARKS 257,1650 LINDA WAY,SPARKS,NV,89431
392,1044420,ABC SUPPLY CO-OMAHA 392,1101 GRACE STREET,OMAHA,NE,68110
562,1051397,ABC SUPPLY CO INC-MIAMISBURG #562,6001 MANNING ROAD,MIAMISBURG,OH,45342
242,1054771,ABC SUPPLY CO -MANASSAS,12151 TAC COURT,MANASSAS,VA,20109
68,1054774,ABC SUPPLY CO-FARMINGTON 68,190 BUSENBARK DRIVE,FARMINGTON,MO,63640
233,1110070,ABC SUPPLY CO-ROCKVILLE,15 DERWOOD COURT,ROCKVILLE,MD,20850
494,1122188,ABC SUPPLY CO-MIAMI 47,7275 NW 7TH AVENUE,MIAMI,FL,33150
581,146004,ABC SUPPLY CO-VALPARAISO 581,184 WEST STATE RD 130,VALPARAISO,IN,46385
489,1137572,ABC SUPPLY CO-NAPLES 489,110 SUN CENTURY ROAD,NAPLES,FL,34110
578,1149908,ABC SUPPLY CO- STERLING 578,23651 OVERLAND DRIVE,STERLING,VA,20166
146,1151954,ABC SUPPLY CO-SPRINGFIELD 146,152 FISK AVENUE,SPRINGFIELD,MA,01107
597,157311,ABC SUPPLY CO INC-MEDINA #597,1035 INDUSTRIAL PARKWAY,MEDINA,OH,44256
629,157312,ABC SUPPLY CO INC-MECHANICSBURG,5247 SIMPSON FERRY RD,MECHANICSBURG,PA,17050
661,146007,ABC SUPPLY CO-ELIZABETH CITY 661,309 COMMERCE DR,ELIZABETH CITY,NC,27909
629,1166279,ABC SUPPLY CO-MECHANICSBURG 629,5247 SIMPSON FERRY ROAD,MECHANICSBURG,PA,17050
228,831806,ABC SUPPLY CO-CLEARWATER,4625 122ND AVE NORTH,CLEARWATER,FL,33762
668,157414,ABC SUPPLY CO INC-DAVISVILLE #668,157 S MEADVILLE RD,DAVISVILLE,WV,26142
662,157415,ABC SUPPLY CO INC-BRIDGEPORT #662,1211 AFG RD,BRIDGEPORT,WV,26330
1304,242101,ABC SUPPLY CO INC #1304,12950 LIVESTOCK ROAD,WEST FRIENDSHIP,MD,21794
591,157202,ABC SUPPLY CO INC- WASHINGTON #591,1655 JEFFERSON AVE,WASHINGTON,PA,15301
578,146019,ABC SUPPLY CO-STERLING 578,23651 OVERLAND DR,STERLING,VA,20166
553,702220,ABC SUPPLY CO -BAY CITY #553,3838 PATTERSON ROAD,BAY CITY,MI,48706
625,1207668,ABC SUPPLY CO-PLAIN CITY #625,7600 INDUSTRIAL PARKWAY,PLAIN CITY,OH,43064
643,157416,ABC SUPPLY CO INC- LEXINGTON #643,1190 BROCK MCVEY DR,LEXINGTON,KY,40509
139,1212889,ABC SUPPLY COMPANY CHIPPEWA FALLS 139,2642 HALLIE ROAD,CHIPPEWA FALLS,WI,54729
591,146021,"ABC SUPPLY CO-WASHINGTON, PA 591",1655 JEFFERSON AVE,WASHINGTON,PA,15301
100,146023,ABC SUPPLY CO-POOLER,121 WESTSIDE BLVD,POOLER,GA,31322
579,146024,ABC SUPPLY CO-TERRE HAUTE 579,2119 S 3RD ST,TERRE HAUTE,IN,47802
147,1225717,ABC SUPPLY CO - MEDFORD 147,25 SYCAMORE AVENUE,MEDFORD,MA,02155
501,1226170,ABC SUPPLY CO-LAKELAND 501,5995 S FLORIDA AVENUE,LAKELAND,FL,33813
638,157315,ABC SUPPLY CO INC- LADSON #638,10210 HWY 78,LADSON,SC,29456
368,1236432,ABC SUPPLY COMPANY O'FALLON 368,601 CANNONBALL LANE,O'FALLON,MO,63366
590,1239616,ABC SUPPLY CO -MANKATO 590,304 LUNDIN BOULEVARD,MANKATO,MN,56001
191,1246854,ABC SUPPLY CO -JOHNSTOWN #191,200 BRADLEY LANE,JOHNSTOWN,PA,15904
200,1250490,ABC SUPPLY CO-KALAMAZOO,5177 COMSTOCK AVENUE,KALAMAZOO,MI,49048
4,1255040,ABC SUPPLY COMPANY MUSKEGON 4,2285 ROBERTS STREET,MUSKEGON,MI,49444
385,1255041,ABC SUPPLY COMPANY FT WAYNE 385,2121 RESEARCH DRIVE,FORT WAYNE,IN,46808
223,1264634,ABC SUPPLY CO DURHAM,2204 TOBACCO ROAD,DURHAM,NC,27704
191,1271962,ABC SUPPLY CO-JOHNSTOWN 191,200 BRADLEY LANE,JOHNSTOWN,PA,15904
459,1274010,ABC SUPPLY CO-MELISSA 459,1717 MCKINNEY STREET,MELISSA,TX,75454
519,1275386,ABC SUPPLY CO-SMYRNA 519,1819 SOUTH COBB INDUSTRIAL BOULEVARD SE,SMYRNA,GA,30082
562,1275387,ABC SUPPLY CO- MIAMISBURG,6001 MANNING ROAD,MIAMISBURG,OH,00089
455,1278155,ABC SUPPLY CO -HOLBROOK 455,210 UNION AVENUE,HOLBROOK,NY,11741
593,146027,ABC SUPPLY CO-MILTON 593,25414 PRIMEHOOK RD,MILTON,DE,19968
667,1287461,ABC SUPPLY CO-ASHLAND #667,11060 AIR PARK ROAD,ASHLAND,VA,23005
645,1318901,ABC SUPPLY CO-MANSFIELD #645,734 SPRINGMILL STREET,MANSFIELD,OH,44903
249,1342759,ABC SUPPLY CO-MORGANTOWN 249,1580 EARL L CORE ROAD,MORGANTOWN,WV,26505
626,1342760,ABC SUPPLY CO-MOORHEAD,4108 30TH AVENUE SOUTH,MOORHEAD,MN,56560
146,1347449,ABC SUPPLY CO - SPRINGFIELD #738,152 FISK AVENUE,SPRINGFIELD,MA,01107
145,1348386,ABC SUPPLY CO - FALL RIVER 145,500 RODMAN STREET,FALL RIVER,MA,02721
612,1358225,ABC SUPPLY CO-WINDER 612,970 PATRICK INDUSTRIAL COURT,WINDER,GA,30680
592,1359638,ABC SUPPLY CO-JUNCTION CITY 592,2617 CENTRAL DRIVE,JUNCTION CITY,KS,66441
120,1367662,ABC SUPPLY CO-AKRON 120,1320 STARLIGHT DRIVE,AKRON,OH,44306
324,1399990,ABC SUPPLY CO-RIVERSIDE 324,2466 MAIN STREET,RIVERSIDE,CA,92501
687,1404460,ABC SUPPLY CO-MUNCIE 687,4501 S COWAN ROAD,MUNCIE,IN,47302
411,1406953,ABC SUPPLY CO-PLEASANTVILLE 411,725B WEST DELILAH ROAD,PLEASANTVILLE,NJ,08232
491,1424373,ABC SUPPLY CO -HOMESTEAD 491,1001 W MOWRY DRIVE,HOMESTEAD,FL,33030
548,1426367,ABC SUPPLY CO-WATERFORD,5211 WILLIAMS LAKE ROAD,WATERFORD,MI,48329
679,1437856,ABC SUPPLY CO-RICHMOND 679,8951 WHITEPINE ROAD,RICHMOND,VA,23237
39,1439365,ABC SUPPLY CO-AUSTIN 039,901 EAST ST JOHNS,AUSTIN,TX,78752
554,1441378,ABC SUPPLY CO-CHARLOTTESVILLE 554,4257 SEMINOLE TRAIL,CHARLOTTESVILLE,VA,22911
249,1444891,ABC SUPPLY CO-MORGANTOWN #249,1580 EARL CORE ROAD,MORGANTOWN,WV,26505
216,1460571,ABC SUPPLY CO-SIOUX FALLS 216,4815 N CLIFF AVE,SIOUX FALLS,SD,57104
587,1462577,ABC SUPPLY CO-PORT ORCHARD 587,1501 SE PIPERBERRY WAY,PORT ORCHARD,WA,98366
599,1473630,ABC SUPPLY CO-ALBANY,12 SELINA DRIVE,ALBANY,NY,12205
69,1478142,ABC SUPPLY CO-CINCINNATI,4860 SPRING GROVE,CINCINNATI,OH,45232
249,1481180,ABC SUPPLY CO-MORGANTOWN 249 (TRIM),1580 EARL I CORE ROAD,MORGANTOWN,WV,26505
551,1491764,ABC SUPPLY COMPANY MINNEAPOLIS 551,2727 26TH AVENUE S,MINNEAPOLIS,MN,55406
256,1509935,ABC SUPPLY- TUSCALOOSA 256,6400 HIGHWAY 69 SOUTH,TUSCALOOSA,AL,35405
209,1510953,ABC SUPPLY CO-AUBURN 209,7530 COUNTY HOUSE ROAD,AUBURN,NY,13021
221,1518022,ABC SUPPLY CO-MASHPEE,68 ECHO ROAD,MASHPEE,MA,02649
234,1518023,ABC SUPPLY CO-WATERBURY,18 WEST DOVER STREET,WATERBURY,CT,06706
588,1545511,ABC SUPPLY CO-LA MIRADA 159,14923 DESMAN ROAD,LA MIRADA,CA,90638
629,1609313,ABC SUPPLY CO-MECHANICSBURG 629,5247 SIMPSON FERRY ROAD,MECHANICSBURG,PA,17050
595,1637328,ABC SUPPLY CO-HAINES CITY 595,155 DYSONS ROAD SUITE A,HAINES CITY,FL,33844
223,1648904,ABC SUPPLY CO-DURHAM 223,2204 TOBACCO ROAD,DURHAM,NC,27704
538,1656824,ABC SUPPLY CO INC-GOSHEN 538,2440 SUPREME COURT DRIVE,GOSHEN,IN,46528
4,1701218,ABC SUPPLY CO- MUSKEGON # 004,2285 ROBERTS STREET,MUSKEGON,MI,49444
1204,1707641,ABC SUPPLY CO INC-ELMIRA 1204,1140 SULLIVAN STREET,ELMIRA,NY,14901
782,1708247,TOWN & COUNTRY IND - MIAMI,2715 NW 73RD STREET,MIAMI,FL,33147
587,1709855,ABC SUPPLY CO-PORT ORCHARD 587,1501 SE PIPERBERRY WAY,PORT ORCHARD,WA,98366
1209,1735882,ABC SUPPLY CO-MERIDIAN 1209,301 S 5TH STREET,MERIDIAN,ID,83642
1202,150004,ABC SUPPLY CO-FRAMINGHAM 1202,101 BISHOP ST,FRAMINGHAM,MA,01702
697,150005,"ABC SUPPLY CO-ROCHESTER, MN",6610 TENTH AVE. SW,ROCHESTER,MN,55902
586,1812667,ABC SUPPLY CO-ALPHARETTA 586,6180 SHILOH CROSSING,ALPHARETTA,GA,30005
256,1812708,ABC SUPPLY CO-TUSCALOOSA,6400 HIGHWAY 69 S,TUSCALOOSA,AL,35405
1207,1813035,ABC SUPPLY CO-MADISON 1207,4610 PFLAUM ROAD,MADISON,WI,53718
634,1813057,ABC SUPPLY CO INC-WESTFIELD #634,18090 SUN OAK DRIVE,WESTFIELD,IN,46074
513,1813060,ABC SUPPLY CO-WILLIAMSBURG 513,307 EWELL ROAD,WILLIAMSBURG,VA,23188
1203,1813123,ABC SUPPLY CO INC-SHARONVILLE,2599 COMMERCE BOULEVARD,SHARONVILLE,OH,45241
283,1813528,ABC SUPPLY CO-SPRINGFIELD 283,401 S DIRKSEN PARKWAY,SPRINGFIELD,IL,62703
599,1813672,ABC SUPPLY CO-ALBANY 3020,12 SELINA DRIVE,ALBANY,NY,12205
174,1814599,ABC SUPPLY CO-CONROE 174,938 S FRAZIER,CONROE,TX,77301
32,1819862,ABC SUPPLY CO-CHARLOTTE 032,3100 PARKSIDE DRIVE,CHARLOTTE,NC,28208
684,1821331,ABC SUPPLY CO-NORMAN 684,1000 W ROCK CREEK RD,NORMAN,OK,73069
1214,1826065,ABC SUPPLY CO-SALT LAKE CITY 1214,4228 W 1730 S,SALT LAKE CITY,UT,84104
64,1827131,ABC SUPPLY CO - MOKENA 064,8315 SPRING LAKE DRIVE,MOKENA,IL,60448
130,1827181,ABC SUPPLY CO - INDIANAPOLIS 130,5427 WEST 84TH STREET,INDIANAPOLIS,IN,46268
584,1827489,ABC SUPPLY CO-EAST ORANGE 584,41 SUSSEX AVE,EAST ORANGE,NJ,07018
448,1828856,ABC SUPPLY CO-RAHWAY 448,700 E LINCOLN AVE,RAHWAY,NJ,07065
687,1830367,ABC SUPPLY CO - MUNCIE,4501 S COWAN RD,MUNCIE,IN,47302
553,1835129,ABC SUPPLY CO-BAY CITY 553,3838 PATTERSON ROAD,BAY CITY,MI,48706
429,1837482,ABC SUPPLY CO-WARMINSTER 429,633 MARY ST,WARMINSTER,PA,18974
1216,1839245,ABC SUPPLY CO- CENTERVILLE,601 RUTHSBURG RD,CENTERVILLE,MD,21617
456,1844072,ABC SUPPLY CO - FREEPORT 456,146 HANSE AVE STE 2,FREEPORT,NY,11520
268,1847251,ABC SUPPLY CO - ADDISON 268,133 S ROHLWING ROAD,ADDISON,IL,60101
1230,1850625,ABC SUPPLY CO-CLEVELAND 1230,3223 PERKINS AVENUE,CLEVELAND,OH,44114
520,1852193,ABC SUPPLY CO - CHARLESTON #520,420 JESSEN LANE,CHARLESTON,SC,29492
1271,1914418,ABC SUPPLY CO-HOUSTON 1271,651 N SHEPHARD DR STE 420,HOUSTON,TX,77007
1261,1915411,ABC SUPPLY CO-WILLISTON 1261,402 BOYER CIRCLE,WILLISTON,VT,05495
558,1918780,ABC SUPPLY CO-HARRISONBURG 558,2020 S MAIN ST,HARRISONBURG,VA,22801
447,1924791,ABC SUPPLY CO-SYRACUSE 447,357 SPENCER STREET,SYRACUSE,NY,13204
1280,1929021,ABC SUPPLY CO-MILWAUKEE 1280,11200 WEST HEATHER AVE,MILWAUKEE,WI,53224
1237,1933573,ABC SUPPLY CO-MEDFORD 1237,3595 AVLON DRIVE,MEDFORD,OR,97504
442,1934589,ABC SUPPLY CO-LEWISTON 442,1 SARATOGA STREET,LEWISTON,ME,04240
788,1936240,TOWN & COUNTRY SUPPLY CLAYTON 788,853 SHOTWELL ROAD,CLAYTON,NC,27520
337,1948897,ABC SUPPLY CO-CARTERSVILLE 337,25 BOYD MORRIS RD,CARTERSVILLE,GA,30120
636,1950551,ABC SUPPLY CO-MIDDLE RIVER 636,9020 PULASKI HWY,MIDDLE RIVER,MD,21220
427,1956204,ABC SUPPLY CO-CAPE MAY COURTHOUSE 427,5 ENTERPRISE DR,CAPE MAY COURTHOUSE,NJ,08210
58,1961485,ABC SUPPLY CO-BIRMINGHAM 058,575 37TH STREET NORTH,BIRMINGHAM,AL,35222
559,1983211,ABC SUPPLY CO- HOLLAND #559,955 BROOKS AVENUE,HOLLAND,MI,494223
105,1983212,ABC SUPPLY CO INC-CEDAR RAPIDS #105,9800 ATLANTIC DRIVE SW,CEDAR RAPIDS,IA,52404
368,1983216,ABC SUPPLY CO-O'FALLON #368,601 CANNONBALL LANE,O'FALLON,MO,63366
254,1986630,ABC SUPPLY CO-OGDEN 254,1070 W 21ST STREET,OGDEN,UT,84401
1246,1993771,ABC SUPPLY CO-DOVER 1246,144 FORK BRANCH RD,DOVER,DE,19904
146,1999250,ABC SUPPLY CO INC-SPRINGFIELD #146,152 FISK AVE,SPRINGFIELD,MA,01107
382,2012332,ABC SUPPLY CO-PLEASANT GAP 382,121 N HARRISON RD,PLEASANT GAP,PA,16823
1253,2022097,ABC SUPPLY CO -LAKEVILLE 1253,21881 GRENADA AVE,LAKEVILLE,MN,55044
1311,2024185,ABC SUPPLY CO-CHICAGO 1311,1760 N  KINGSBURY ST,CHICAGO,IL,60614
1252,2027504,ABC SUPPLY CO-BLOOMINGTON 1252,2402 1/2 E. EMPIRE STREET,BLOOMINGTON,IL,61704
1313,2029309,ABC SUPPLY CO-SHEBOYGAN FALLS 1311,520 FOREST AVE,SHEBOYGAN FALLS,WI,53085
1246,2031516,ABC SUPPLY CO INC-DOVER 1246,144 FORK BRANCH RD,DOVER,DE,19904
1291,2034861,ABC SUPPLY CO-RENO 1291,640 ORRCREST DR,RENO,NV,89506
1277,2051055,ABC SUPPLY CO-LACEY 1277,8551 COMMERCE PL,LACEY,WA,98516
1274,2054236,ABC SUPPLY CO-SPRINGDALE 1274,615 SKYLER STREET,SPRINGDALE,AR,72762
1312,2055632,ABC SUPPLY CO-MOUNTAIN HOME 1312,1001 WALLACE KNOB R,MOUNTAIN HOME,AR,72653
528,2058245,"ABC SUPPLY CO-TRENTON, NJ-528",9 CHELTEN WAY,TRENTON,NJ,08638
138,1539,ABC SUPPLY CO INC-BARABOO #138,E10620 HIGHWAY 33,BARABOO,WI,53913
332,157185,BRADCO / ABC SUPPLY - ERLANGER (B),3 FLORIDIAN DR,ERLANGER,KY,41018
443,463471,ABC SUPPLY CO-AVENEL (MBA),5 PRODUCTION WAY,AVENEL,NJ,07001
687,756033,ABC SUPPLY CO -MUNCIE #687,4501 S COWAN RD,MUNCIE,IN,47302
106,672845,ABC SUPPLY CO-DAYTON 106,7477 OLD TROY PIKE,DAYTON,OH,45424
141,13680,ABC SUPPLY CO INC-BERLIN (MBA),554 BERLIN TPKE,BERLIN,CT,06037
500,678570,ABC SUPPLY CO-CAPE CORAL 500,760 NE 19TH PL,CAPE CORAL,FL,33990
368,827361,ABC SUPPLY CO-O FALLON 368,601 CANNONBALL LN,O FALLON,MO,63366
7480,831748,ABC SUPPLY CO-ROSCOE,9203 N 2ND ST,ROSCOE,IL,61073
204,137825,"ABC SUPPLY CO-JACKSON, WI 204",N174W21221 ALCAN DR,JACKSON,WI,53037
138,137834,ABC SUPPLY CO-BARABOO 138,E10620 HIGHWAY 33,BARABOO,WI,53913
297,496050,ABC SUPPLY CO-FINDLAY 297,6277 TOWNSHIP ROAD 212,FINDLAY,OH,45840
396,823137,ABC SUPPLY CO-PHILADELPHIA #396,4501 ARAMINGO AVE,PHILADELPHIA,PA,19124
462,1027087,ABC SUPPLY CO-WHITE SETTLEMENT 462,7600 SCOTT ST,WHITE SETTLEMENT,TX,76108
297,1274007,ABC SUPPLY CO- FINDLAY,6277 TOWNSHIP ROAD 212,FINDLAY,OH,45840
677,1787711,ABC SUPPLY CO-WEST MONROE 677,430 OUACHITA AVE,WEST MONROE,LA,71291
121,368606,BRADCO SUPPLY CORP RW-HARRISBURG,451 JPL WICK DR,HARRISBURG,PA,17111
10,831750,ABC SUPPLY CO-DAVENPORT,3810 W RIVER DR,DAVENPORT,IA,52802
783,3769,TOWN & COUNTRY IND - TAMPA #6783,5300  ADAMO DRIVE STE G,TAMPA,FL,33619
780,3759,METAL TOWN & COUNTY IND - TAMPA,9808 EAST BROADWAY AVENUE,TAMPA,FL,33619
780,3760,TOWN & COUNTRY RW- TAMPA,9808 EAST BROADWAY AVENUE,TAMPA,FL,33619
768,3735,METAL TOWN & COUNTY IND - HUDSON,16748 SCHEER BOULEVARD,HUDSON,FL,34667
768,3736,TOWN & COUNTRY RW- HUDSON,16748 SCHEER BOULEVARD,HUDSON,FL,34667
533,756001,ABC SUPPLY CO -BATTLE CREEK #533,1605 W COLUMBIA AVENUE,BATTLE CREEK,MI,49015
770,3756,METAL TOWN & COUNTY IND - LECANTO,2988 W. GULF TO LAKE HIGHWAY,LECANTO,FL,34461
770,3757,TOWN & COUNTRY RW- LECANTO,2988 W. GULF TO LAKE HIGHWAY,LECANTO,FL,34461
289,157334,METAL ABC SUPPLY CO -BUFFALO,266 BROADWAY STREET,BUFFALO,NY,14204
289,157335,ABC SUPPLY CO. RW-BUFFALO,266 BROADWAY STREET,BUFFALO,NY,14204
376,831775,ABC SUPPLY CO-BERGENFIELD,120 WOODBINE STREET,BERGENFIELD,NJ,07621
73,708434,708434 - ABC SUPPLY CO INC-EVERETT WA,2315 W. CASINO ROAD,EVERETT,WA,98204
233,157177,METAL ABC SUPPLY CO -ROCKVILLE,15 DERWOOD CIRCLE,ROCKVILLE,MD,20850
233,725330,725330 - ABC SUPPLY CO INC-ROCKVILLE,15 DERWOOD CIRCLE,ROCKVILLE,MD,20850
98,1541414,ABC SUPPLY CO-ANAHEIM 098,1225 E CERRITOS AVENUE,ANAHEIM,CA,92805
349,965610,ABC SUPPLY CO-PANAMA CITY 349,2227 SEGREST COURT,PANAMA CITY,FL,32405
569,1897632,ABC SUPPLY CO-VANCOUVER 569,3601 NE 109TH AVE,VANCOUVER,WA,98682
38,621970,ABC SUPPLY CO-SAN ANTONIO,2200 CHIPLEY CIRCLE,SAN ANTONIO,TX,78217
38,821450,ABC SUPPLY CO-SAN ANTONIO,2200 CHIPLEY CIRCLE,SAN ANTONIO,TX,78217
136,831741,ABC SUPPLY CO-WICHITA FALLS,1308 TWIN OAKS,WICHITA FALLS,TX,76302
136,705956,705956 - ABC SUPPLY CO INC-WICHITA FALLS TX,1308 TWIN OAKS,WICHITA FALLS,TX,76302
281,831773,ABC SUPPLY CO-KNOXVILLE,220 ROYAL CROWN DRIVE,KNOXVILLE,TN,37919
82,142901,METAL ABC SUPPLY CO -FREDERICKSBURG,234 INDUSTRIAL COURT,FREDERICKSBURG,VA,22408
82,157341,ABC SUPPLY CO. RW-FREDERICKSBURG,234 INDUSTRIAL COURT,FREDERICKSBURG,VA,22408
82,828755,ABC SUPPLY CO-FREDERICKSBURG,234 INDUSTRIAL COURT,FREDERICKSBURG,VA,22408
82,1897857,1897857 - ABC SUPPLY FREDERICKSBURG,234 INDUSTRIAL COURT,FREDERICKSBURG,VA,22408
82,1946181,1946181 - ABC SUPPLY FREDERICKSBURG,234 INDUSTRIAL COURT,FREDERICKSBURG,VA,22408
82,1992071,1992071 - ABC SUPPLY FREDERICKSBURG,234 INDUSTRIAL COURT,FREDERICKSBURG,VA,22408
82,504903,504903 - ABC SUPPLY COMPANY - FREDERICKSBURG,234 INDUSTRIAL COURT,FREDERICKSBURG,VA,22408
82,705273,705273 - ABC SUPPLY CO INC-FREDERICKSBURG,234 INDUSTRIAL COURT,FREDERICKSBURG,VA,22408
148,703360,703360 - ABC SUPPLY CO INC-MANCHESTER,295 EAST INDUSTRIAL PARK DRIVE,MANCHESTER,NH,03109
44,831746,ABC SUPPLY CO-COLUMBIA SC,855 BROOKWOOD RD,COLUMBIA,SC,29201
158,138326,ABC SUPPLY CO-LYNCHBURG,6222 LOGANS LANE,LYNCHBURG,VA,24502
774,3750,METAL TOWN & COUNTRY IND - PENSACOLA,9310 WARING ROAD,PENSACOLA,FL,32534
774,3751,TOWN & COUNTRY RW- PENSACOLA,9310 WARING ROAD,PENSACOLA,FL,32534
203,974581,ABC SUPPLY CO-DENTON 203 (S),1631 COOPER CREEK ROAD,DENTON,TX,76208
373,1411965,ABC SUPPLY CO-LIVONIA,11970 FARMINGTON ROAD,LIVONIA,MI,48150
476,831794,ABC SUPPLY CO-BETHEL HEIGHTS,409 E. APPLE BLOSSOM AVE.,BETHEL HEIGHTS,AR,72764
2,139273,ABC SUPPLY CO (RW ONLY)-COLLINSVILLE,5300 HORSESHOE LAKE RD,COLLINSVILLE,IL,62234
6,139694,ABC SUPPLY CO-KANSAS CITY,1262 SOUTHWEST BLVD,KANSAS CITY,KS,66103
9,368739,BRADCO SUPPLY CORP RW-TOLEDO,5264 TELEGRAPH RD,TOLEDO,OH,43612
17,831749,ABC SUPPLY CO-WEST ALLIS,11111 W LAPHAM ST,WEST ALLIS,WI,53214
19,140093,ABC SUPPLY CO-HAGERSTOWN 19,801 POPE AVE,HAGERSTOWN,MD,21740
26,140240,ABC SUPPLY CO-MEMPHIS,2900 AIRWAYS BLVD,MEMPHIS,TN,38132
26,705371,705371 - ABC SUPPLY CO INC-MEMPHIS-AIRWAYS BLVD,2900 AIRWAYS BLVD,MEMPHIS,TN,38132
28,139051,ABC SUPPLY CO-RICHMOND-BELLEMEADE,2120 BELLEMEADE RD,RICHMOND,VA,23224
28,592661,ABC SUPPLY CO. RW-RICHMOND,2120 BELLEMEADE RD,RICHMOND,VA,23224
30,366645,ABC SUPPLY CO. RW-AURORA,1000 RATHBONE AVE,AURORA,IL,60506
31,831789,ABC SUPPLY CO-STANTON,1550 FIRST STATE BLVD,STANTON,DE,19804
35,730340,730340 - ABC SUPPLY CO INC-TULSA,7333 E 38TH ST,TULSA,OK,74145
42,136719,ABC SUPPLY CO,5700 TULANE DR SW,ATLANTA,GA,30336
53,139209,ABC SUPPLY CO-MARTINEZ,4818 SUNRISE DR,MARTINEZ,CA,94553
54,137131,ABC SUPPLY CO-NORTH CHARLESTON 54,4001 DORCHESTER RD,NORTH CHARLESTON,SC,29405
59,140269,ABC SUPPLY CO-GLENDALE,6137 N 55TH AVE,GLENDALE,AZ,85301
63,821466,BRADCO / ABC SUPPLY - WEST CHICAGO (B),29W581 NORTH AVE,WEST CHICAGO,IL,60185
67,2130437,2130437 - ABC SUPPLY,815 OLIVER PLOW CT,SOUTH BEND,IN,46601
72,138692,ABC SUPPLY CO-STRATFORD,1489 STRATFORD AVE,STRATFORD,CT,06615
74,706301,706301 - ABC SUPPLY CO INC-PORTLAND OR -COLUMBIA,1835 NE COLUMBIA BLVD,PORTLAND,OR,97211
75,256057,ABC SUPPLY CO-OAKLAND,7217 SAN LEANDRO ST,OAKLAND,CA,94621
84,590327,ABC SUPPLY CO. RW-NEWPORT NEWS,111 HUNTER RD,NEWPORT NEWS,VA,23601
85,831782,ABC SUPPLY CO-DELRAN,5004 ROUTE 130,DELRAN,NJ,08075
90,138710,ABC SUPPLY CO-ROSEVILLE,9020 ATKINSON ST,ROSEVILLE,CA,95747
94,139210,ABC SUPPLY CO-SAN JOSE 94,490 PHELAN AVE,SAN JOSE,CA,95112
104,140096,ABC SUPPLY CO-HUNTSVILLE,917 MERIDIAN ST N,HUNTSVILLE,AL,35801
106,1891210,1891210 - ABC SUPPLY DAYTON,7477 OLD TROY PIKE,DAYTON,OH,45424
106,1943073,1943073 - ABC SUPPLY DAYTON WI249,7477 OLD TROY PIKE,DAYTON,OH,45424
110,1937271,1937271 - ABC SUPPLY NASHVILLE,1818 ELM HILL PIKE,NASHVILLE,TN,37210
110,705305,"705305 - ABC SUPPLY CO INC-NASHVILLE, TN",1818 ELM HILL PIKE,NASHVILLE,TN,37210
115,138070,ABC SUPPLY CO-FORT COLLINS,3825 CANAL DR,FORT COLLINS,CO,80524
151,137871,ABC SUPPLY CO-NEWBURGH 151,150 S WATER ST,NEWBURGH,NY,12550
188,139048,ABC SUPPLY CO (RW ONLY)-EL CAJON,800 BENEDICT AVE,EL CAJON,CA,92020
189,139047,ABC SUPPLY CO (RW ONLY)-NATIONAL CITY,135 W 30TH ST,NATIONAL CITY,CA,91950
194,971912,ABC SUPPLY CO-LINCOLN 194,8200 FLETCHER AVE,LINCOLN,NE,68507
204,157363,ABC SUPPLY CO INC-JACKSON #204,N174W21221 ALCAN DR,JACKSON,WI,53037
206,618450,ABC SUPPLY CO-KAILUA KONA,73-4939 KAMANU ST,KAILUA KONA,HI,96740
211,883269,883269 - GPATLABC SUPPLY - #221,1131 MARTIN LUTHER KING AVE E,BRADENTON,FL,34208
214,831747,ABC SUPPLY CO-ROCHELLE,112 MAPLE CT,ROCHELLE,IL,61068
230,137231,ABC SUPPLY CO-CHATSWORTH 230,9401 WINNETKA AVE,CHATSWORTH,CA,91311
244,142900,METAL ABC SUPPLY CO -FREDERICK,6822 ENGLISH MUFFIN WAY,FREDERICK,MD,21703
244,727221,727221 - ABC SUPPLY CO INC-FREDERICKMD,6822 ENGLISH MUFFIN WAY,FREDERICK,MD,21703
265,137129,ABC SUPPLY CO-WELLFORD,10280 GREENVILLE HWY,WELLFORD,SC,29385
275,831770,ABC SUPPLY CO-MERRILLVILLE,6501 BROADWAY,MERRILLVILLE,IN,46410
275,734691,734691 - ABC SUPPLY CO INC-MERRILLVILLE IN,6501 BROADWAY,MERRILLVILLE,IN,46410
284,138327,ABC SUPPLY CO-CONOVER 284,1911 EMMANUEL CHURCH RD,CONOVER,NC,28613
301,1882501,1882501 - ABC SUPPLY NEW CASTLE,401 S JEFFERSON ST,NEW CASTLE,PA,16101
304,1980581,ABC SUPPLY CO-N KANSAS CITY,611 E 13TH AVE,NORTH KANSAS CITY,MO,64116
310,831740,ABC SUPPLY CO-LAKE CHARLES,2137 OAK PARK BLVD,LAKE CHARLES,LA,70601
357,591239,ABC SUPPLY CO. RW-CHESAPEAKE,1329 VICTORY BLVD,CHESAPEAKE,VA,23323
372,963257,ABC SUPPLY CO-NEW HUDSON 372,55801 GRAND RIVER AVE,NEW HUDSON,MI,48165
381,823138,ABC SUPPLY CO-PHILADELPHIA #381,11500 ROOSEVELT BLVD,PHILADELPHIA,PA,19116
393,1857877,ABC SUPPLY CO-CHARLESTON 393,1430 PENNSYLVANIA AVE,CHARLESTON,WV,25302
401,366010,BRADCO SUPPLY CORP RW-ALSIP,12601 S SPRINGFIELD AVE,ALSIP,IL,60803
402,369991,BRADCO SUPPLY CORP RW-WARREN,25900 GROESBECK HWY,WARREN,MI,48089
409,136921,BRADCO SUPPLY CORP-HYATSVILLE,3404 KENILWORTH AVE,HYATTSVILLE,MD,20781
409,368614,BRADCO SUPPLY CORP RW-HYATTSVILLE,3404 KENILWORTH AVE,HYATTSVILLE,MD,20781
410,138187,BRADCO SUPPLY CORP-BETHLEHEM,2225 AVENUE A,BETHLEHEM,PA,18017
410,366650,BRADCO SUPPLY CORP RW-BETHLEHEM,2225 AVENUE A,BETHLEHEM,PA,18017
410,1484706,ABC SUPPLY CO-BETHLEHEM 410,2225 AVENUE A,BETHLEHEM,PA,18017
416,368635,BRADCO SUPPLY CORP RW-LORTON,7109 RAINWATER PL,LORTON,VA,22079
417,368636,BRADCO SUPPLY CORP RW-MALVERN,25 SPRING MILL DR,MALVERN,PA,19355
419,140088,ABC SUPPLY CO,2608 KEYWAY DR,YORK,PA,17402
419,370075,BRADCO SUPPLY CORP RW-YORK,2608 KEYWAY DR,YORK,PA,17402
424,367442,ABC SUPPLY CO. RW-EXTON,145 S WHITFORD RD,EXTON,PA,19341
430,368608,BRADCO SUPPLY CORP RW-HARTFORD,239 WESTON ST,HARTFORD,CT,06120
432,366907,ABC SUPPLY CO. RW-CHELMSFORD,20 INDUSTRIAL AVE,CHELMSFORD,MA,01824
433,138185,BRADCO SUPPLY CORP-SPRINGFIELD,270 ROCUS ST,SPRINGFIELD,MA,01104
433,368723,ABC SUPPLY CO. RW-SPRINGFIELD I,270 ROCUS ST,SPRINGFIELD,MA,01104
434,138602,BRADCO SUPPLY CORP-WEST HAVEN,130 FRONTAGE RD,WEST HAVEN,CT,06516
434,369992,BRADCO SUPPLY CORP RW-WEST HAVEN,130 FRONTAGE RD,WEST HAVEN,CT,06516
436,368674,BRADCO SUPPLY CORP RW-PAWTUCKET,295 BEVERAGE HILL AVE,PAWTUCKET,RI,02861
438,366915,ABC SUPPLY CO. RW-DANBURY,98 1/2 MILL PLAIN RD,DANBURY,CT,06811
440,370053,BRADCO SUPPLY CORP RW-WOBURN II,3 WHEELING AVE,WOBURN,MA,01801
441,368724,ABC SUPPLY CO. RW-SPRINGFIELD II,75 PAGE BLVD,SPRINGFIELD,MA,01104
442,368634,ABC SUPPLY CO. RW-LEWISTON,1 SARATOGA ST,LEWISTON,ME,04240
443,137896,ABC SUPPLY CO-AVENEL 443,5 PRODUCTION WAY,AVENEL,NJ,07001
443,157387,METAL ABC SUPPLY CO-AVENEL,5 PRODUCTION WAY,AVENEL,NJ,07001
443,241985,BRADCO SUPPLY - AVENEL (P),5 PRODUCTION WAY,AVENEL,NJ,07001
443,360244,ABC SUPPLY CO RW-AVENEL 443,5 PRODUCTION WAY,AVENEL,NJ,07001
445,366008,BRADCO SUPPLY CORP RW-ALBANY,29 RAILROAD AVE,ALBANY,NY,12205
446,369993,ABC SUPPLY CO. RW-VALLEY COTTAGE,2 FORD PRODUCTS RD,VALLEY COTTAGE,NY,10989
446,831739,ABC SUPPLY CO-VALLEY COTTAGE,2 FORD PRODUCTS RD,VALLEY COTTAGE,NY,10989
447,368734,ABC SUPPLY CO. RW-SYRACUSE,357 SPENCER ST,SYRACUSE,NY,13204
448,368696,ABC SUPPLY CO. RW-RAHWAY,700 E LINCOLN AVE,RAHWAY,NJ,07065
449,366908,BRADCO SUPPLY CORP RW-CLIFTON,45 SAMWORTH RD,CLIFTON,NJ,07012
451,293647,BRADCO SUPPLY CORP-RDALE,107 RIVERDALE RD,RIVERDALE,NJ,07457
451,368700,ABC SUPPLY CO. RW-RIVERDALE,107 RIVERDALE RD,RIVERDALE,NJ,07457
452,368727,ABC SUPPLY CO. RW-ST JAMES,892 MIDDLE COUNTRY RD,ST JAMES,NY,11780
453,138895,ABC SUPPLY CO,101 CANFIELD AVE,RANDOLPH,NJ,07869
453,368698,BRADCO SUPPLY CORP RW-RANDOLPH,101 CANFIELD AVE,RANDOLPH,NJ,07869
455,368611,BRADCO SUPPLY CORP RW-HOLBROOK,210 UNION AVE,HOLBROOK,NY,11741
459,368659,BRADCO SUPPLY CORP RW-NORTH DALLAS,1717 MCKINNEY ST,MELISSA,TX,75454
470,368660,BRADCO SUPPLY CORP RW-NORTH LITTLE ROCK,3701 E PROGRESS ST,NORTH LITTLE ROCK,AR,72114
473,368728,BRADCO SUPPLY CORP RW-ST LOUIS,6000 HOWDERSHELL RD,HAZELWOOD,MO,63042
474,368665,BRADCO SUPPLY CORP RW-OMAHA,7702 F ST,OMAHA,NE,68127
478,368641,ABC SUPPLY CO. RW-MEMPHIS,4365 WINCHESTER RD,MEMPHIS,TN,38118
483,368737,BRADCO SUPPLY CORP RW-TAMPA,5420 N 59TH ST,TAMPA,FL,33610
486,368666,BRADCO SUPPLY CORP RW-ORLANDO I,9960 S ORANGE AVE,ORLANDO,FL,32824
487,368720,BRADCO SUPPLY CORP RW-SARASOTA,1542 APEX RD,SARASOTA,FL,34240
490,368640,BRADCO SUPPLY CORP RW-MELBOURNE,2809 S HARBOR CITY BLVD,MELBOURNE,FL,32901
492,368680,BRADCO SUPPLY CORP RW-PINELLIS PARK,6520 35TH ST N,PINELLAS PARK,FL,33781
493,368687,BRADCO SUPPLY CORP RW-POMPANO BEACH,1971 HAMMONDVILLE RD,POMPANO BEACH,FL,33069
496,368411,BRADCO SUPPLY CORP RW-GAINESVILLE,3330 NE WALDO RD,GAINESVILLE,FL,32609
501,368623,BRADCO SUPPLY CORP RW-LAKELAND,5995 S FLORIDA AVE,LAKELAND,FL,33813
502,368704,BRADCO SUPPLY CORP RW-ROCKLEDGE,605 GUS HIPP BLVD,ROCKLEDGE,FL,32955
502,678568,ABC SUPPLY CO-ROCKLEDGE 502,605 GUS HIPP BLVD,ROCKLEDGE,FL,32955
504,698283,ABC SUPPLY CO-MAITLAND 504,110 ATLANTIC ANNEX PT,MAITLAND,FL,32751
437,370066,ABC SUPPLY CO. RW-WORCESTER,2 SHERMAN ST,WORCESTER,MA,01610
510,368688,BRADCO SUPPLY CORP RW-PORT ORANGE,406 OAK PL,PORT ORANGE,FL,32127
511,138985,BRADCO SUPPLY CORP-NORFOLK,3747 VILLAGE AVE,NORFOLK,VA,23502
511,368658,BRADCO SUPPLY CORP RW-NORFOLK,3747 VILLAGE AVE,NORFOLK,VA,23502
511,2172975,ABC SUPPLY CO-NORFOLK 511,3747 VILLAGE AVE,NORFOLK,VA,23502
511,2172976,ABC SUPPLY CO - NORFOLK 511 (TRIM),3747 VILLAGE AVE,NORFOLK,VA,23502
512,368699,BRADCO SUPPLY CORP RW-RICHMOND,3250 COASTAL BLVD,RICHMOND,VA,23224
514,368697,ABC SUPPLY CO. RW-RALEIGH,1140 N NEW HOPE RD,RALEIGH,NC,27610
517,368651,ABC SUPPLY CO. RW-MYRTLE BEACH,3961 WESLEY ST,MYRTLE BEACH,SC,29579
518,1922282,1922282 - ABC SUPPLY STORE 518,100 BI LO BLVD,GREENVILLE,SC,29607
520,366904,ABC SUPPLY CO. RW-CHARLESTON I,420 JESSEN LN,CHARLESTON,SC,29492
521,136922,BRADCO SUPPLY CORP-GREENSBORO,400  WESTCLIFF RD,GREENSBORO,NC,27409
522,368648,BRADCO SUPPLY CORP RW-MONTGOMERY,1250 E SOUTH BLVD,MONTGOMERY,AL,36116
567,1437864,ABC SUPPLY CO-CORTLAND,2922 STATE ROUTE 5,CORTLAND,OH,44410
589,146011,ABC SUPPLY CO- SYKESVILLE 589,5329 ENTERPRISE ST,SYKESVILLE,MD,21784
589,373879,ROBOSSON SUPPLY INC --SYKESVILLE,5329 ENTERPRISE ST,SYKESVILLE,MD,21784
589,702142,ROBOSSON SUPPLY INC,5329 ENTERPRISE ST,SYKESVILLE,MD,21784
589,702143,N/A USE 242101 ABC SUPPLY CO SYKESVILLE,5329 ENTERPRISE ST,SYKESVILLE,MD,21784
626,1983213,ABC SUPPLY CO-MOORHEAD #626,4108 30TH AVE SOUTH,MOORHEAD,MN,56560
675,157412,ABC SUPPLY CO INC-**N/A**WINCHESTER #675,141 LAKEVILLE CIRCLE,WINCHESTER,VA,22603
697,2113458,ABC SUPPLY CO- ROCHESTER 697,6610 10TH AVE SW,ROCHESTER,MN,55902
1247,2103373,ABC SUPPLY CO-KOKOMO 1247,1624 E JEFFERSON ST,KOKOMO,IN,46901
1262,2170270,ABC SUPPLY CO- JACKSONVILLE 1262,2045 W 26TH ST,JACKSONVILLE,FL,32209
1281,1992073,ABC SUPPLY CO-TWIN FALLS 1281,716 BRIDGE ST,TWIN FALLS,ID,83301
1295,1993153,ABC SUPPLY CO-BONITA SPRINGS 1295,8981 QUALITY RD,BONITA SPRINGS,FL,34135
1275,2150918,ABC BUILDING SUPPLY - GULFPORT 1275,14373 CREOSOTE RD BUILDING F,GULFPORT,MS,39503
565,1522089,ABC SUPPLY CO-SHOW LOW 565,1011 N 16TH STREET,SHOW LOW,AZ,85901
353,831774,ABC SUPPLY CO-ST CLOUD,640 54TH AVENUE N,SAINT CLOUD,MN,56303
413,370061,ABC SUPPLY CO RW-WOODLYNNE,2201 MT EPHRAIM AVE,CAMDEN,NJ,08104
127,138924,ABC SUPPLY CO-TYLER,4420 HWY 31 WEST,TYLER,TX,75709
171,706139,"706139 - ABC SUPPLY CO INC-ST. JOSEPH, MO",3314 S. LEONARD,ST. JOSEPH,MO,64507
24,138319,ABC SUPPLY CO-GREENSBORO,2900-B PATTESON ST,GREENSBORO,NC,27407
509,366900,BRADCO SUPPLY CORP RW-BROOKSVILLE,600 PONCE DE LEON BLVD,BROOKSVILLE,FL,34601
764,3747,METAL TOWN & COUNTY IND - SARASOTA,2320 INDUSTRIAL BOULEVARD,SARASOTA,FL,34234
764,3748,TOWN & COUNTRY RW- SARASOTA,2320 INDUSTRIAL BOULEVARD,SARASOTA,FL,34234
812,3715,TOWN & COUNTRY IND -FT LAUDERDALE (P),400 WEST MCNAB RD,FORT LAUDERDALE,FL,33309
124,740994,740994 - ABC SUPPLY CO INC-TUCSON,535 EAST 16TH STREET,TUCSON,AZ,85701
152,137939,ABC SUPPLY CO-EDMOND 152,309 WEST 33RD STREET,EDMOND,OK,73013
499,368733,BRADCO SUPPLY CORP RW-STUART,3680 SOUTHEAST DIXIE HWY,STUART,FL,34997
499,677844,ABC SUPPLY CO-STUART 499,3680 SOUTHEAST DIXIE HWY,STUART,FL,34997
782,366913,BRADCO SUPPLY CORP RW-DADE,2751 NW 73RD ST,MIAMI,FL,33147
508,242095,BRADCO SUPPLY - TALLAHASSEE # 184,4009 NORTHWEST PASSAGE,TALLAHASSEE,FL,32303
508,368735,BRADCO SUPPLY CORP RW-TALLAHASSEE,4009 NORTHWEST PASSAGE,TALLAHASSEE,FL,32303
12,138926,ABC SUPPLY CO-MIDLAND,3000 W KENTUCKY,MIDLAND,TX,79701
23,137138,ABC SUPPLY CO-WILKES-BARRE 23,40 CONYNGHAM AVE,WILKES-BARRE,PA,18702
199,705672,705672 - ABC SUPPLY CO INC-FREEPORT IL,301 N. HENDERSON,FREEPORT,IL,61032
173,136889,ABC SUPPLY CO,11155 FM 529,HOUSTON,TX,77041
173,705429,705429 - ABC SUPPLY CO INC-HOUSTON-FM 529,11155 FM 529,HOUSTON,TX,77041
174,831743,ABC SUPPLY CO-CONROE,938 S FRAZIER,CONROE,TX,77301
422,368717,BRADCO SUPPLY CORP RW-SALISBURY,300E MOSS HILL LN,SALISBURY,MD,21804
207,1417439,ABC SUPPLY CO - CLARKESVILLE 207,4385 GUTHERIE HIGHWAY,CLARKESVILLE,TN,37040
259,139271,ABC SUPPLY CO-HERCULANEUM 259,1538 HERCULANEUM IND DR,HERCULANEUM,MO,63048
51,139929,ABC SUPPLY CO-GARDENA,19105 S FIGUEROA,GARDENA,CA,90248
341,831793,ABC SUPPLY CO-WATERTOWN,434 EASTERN BOULEVARD,WATERTOWN,NY,13601
300,831744,ABC SUPPLY CO-BRYAN,3000 HWY 21 E,BRYAN,TX,77803
392,831795,ABC SUPPLY CO-OMAHA - GRACE ST,1101 GRACE STREET,OMAHA,NE,68110
560,976561,ABC SUPPLY CO-ANNAPOLIS 560,15 LEE STREET,ANNAPOLIS,MD,21401
560,1973681,1973681 - ABC SUPPLY CO ANNAPOLIS,15 LEE STREET,ANNAPOLIS,MD,21401
130,157302,ABC SUPPLY CO. RW-INDIANAPOLIS #130,5427 W. 84TH STREET,INDIANAPOLIS,IN,46268
628,1006008,ABC SUPPLY GREENSBORO,218 EAST JJ DRIVE,GREENSBORO,NC,27406
632,1238711,ABC SUPPLY CO -LOUISVILLE #632,4601 COMMERCE CROSSING DRIVE SUITE 100,LOUISVILLE,KY,40229
293,1209842,ABC SUPPLY CO -PRESCOTT 293,6701 E 1ST STREET,PRESCOTT VALLEY,AZ,86314
347,157406,ABC SUPPLY CO INC-ERIE #347,1702 WAGNER AVENUE,ERIE,PA,16510
347,831801,ABC SUPPLY CO-ERIE,1702 WAGNER AVENUE,ERIE,PA,16510
347,1826659,ABC SUPPLY CO-ERIE 347,1702 WAGNER AVENUE,ERIE,PA,16510
156,705697,705697 - ABC SUPPLY CO INC-INDIANAPOLIS,1930 W. EDGEWOOD AVENUE,INDIANAPOLIS,IN,46217
131,831797,ABC SUPPLY CO-OCALA,1467 SW 17TH AVENUE,OCALA,FL,34471
282,739328,739328 - ABC SUPPLY CO INC-HUNTINGTON,1703 7TH AVENUE,HUNTINGTON,WV,25703
294,1022699,ABC SUPPLY CO-JOLIET,108 EAST JACKSON ST,JOLIET,IL,60432
32,705673,"705673 - ABC SUPPLY CO INC-CHARLOTTE, NC",3100 PARKSIDE DRIVE,CHARLOTTE,NC,28208
78,242027,BRADCO SUPPLY - ROANOKE #237,3525 AERIAL WAY DRIVE SW,ROANOKE,VA,24018
78,368701,ABC SUPPLY CO. RW-ROANOKE,3525 AERIAL WAY DRIVE SW,ROANOKE,VA,24018
79,831790,ABC SUPPLY CO-JEFFERSON,748 SAINT GEORGE AVENUE,JEFFERSON,LA,70121
83,13697,METAL ABC SUPPLY CO -BALTIMORE,3901 BUENA VISTA AVENUE,BALTIMORE,MD,21211
83,988647,ABC SUPPLY CO -BALTIMORE 083,3901 BUENA VISTA AVENUE,BALTIMORE,MD,21211
288,972715,ABC SUPPLY WILMINGTON 288,1536 CASTLE HAYNES ROAD,WILMINGTON,NC,28401
296,30431,METAL ABC SUPPLY CO -MT VERNON,300 PITTSBURGH AVENUE,MOUNT VERNON,OH,43050
625,972026,ABC SUPPLY CO-PLAIN CITY,7600 INDUSTRIAL PARKWAY,PLAIN CITY,OH,43064
646,1983217,ABC SUPPLY CO INC-W.MILWAUKEE #646,4800 W ELECTRIC AVE,W MILWAUKEE,WI,53219
117,707310,707310 - ABC SUPPLY CO INC-LAKE HAVASU CITY,741 ENTERPRISE DRIVE,LAKE HAVASU CITY,AZ,86403
231,728952,728952 - ABC SUPPLY CO INC-LEXINGTON,185 LISLE INDUSTRIAL AVENUE,LEXINGTON,KY,40511
183,751685,751685 - ABC SUPPLY CO INC-NOLANVILLE,1101 E. PHILLIP NOLAN EXP.,NOLANVILLE,TX,76559
102,138713,ABC SUPPLY CO (RW ONLY)-MONROVIA,3231 S PECK RD,MONROVIA,CA,91016
226,137175,ABC SUPPLY CO-JACKSON CITY,2470 BELLS HWY,JACKSON,TN,38301
20,831779,ABC SUPPLY CO-BALTIMORE,3924 VERO ROAD,BALTIMORE,MD,21227
624,1297635,ABC SUPPLY CO- ELYRIA 624,916 GRISWOLD ROAD,ELYRIA,OH,44035
185,708049,708049 - ABC SUPPLY CO INC-MARIETTA,1938 DORSEY ROAD,MARIETTA,GA,30066
515,366906,ABC SUPPLY CO. RW-PINEVILLE,8900 CRUMP ROAD,PINEVILLE,NC,28134
41,455743,ABC SUPPLY CO-DALLAS (SHIPTO) 41,4833 SINGLETON BLVD,DALLAS,TX,75222
167,140271,ABC SUPPLY CO-SANTA MARIA,706 W BOONE ST,SANTA MARIA,CA,93454
642,1074742,ABC SUPPLY CO-LAFAYETTE 642,3400 CONCORD ROAD,LAFAYETTE,IN,47909
495,368618,BRADCO SUPPLY CORP RW-JACKSONVILLE,834 N LANE AVE,JACKSONVILLE,FL,32254
561,756028,ABC SUPPLY CO - STAMFORD #561,37 BROWN HOUSE ROAD,STAMFORD,CT,06902
505,368353,BRADCO SUPPLY CORP RW-FT LAUDERDALE II,5550 NW 12TH AVE,FT LAUDERDALE,FL,33309
270,734623,734623 - ABC SUPPLY CO INC-JOHNSON CITY,2801 E. OAKLAND AVE.,JOHNSON CITY,TN,37601
548,701461,SIDING WORLD ** WATERFORD,5211 WILLIAMS LAKE ROAD,WATERFORD,MI,48329
202,718711,"718711 - ABC SUPPLY CO INC-CRYSTAL LAKE, IL",171 ERICK ST.,CRYSTAL LAKE,IL,60014
454,368619,BRADCO SUPPLY CORP RW-JAMAICA,186-14 JAMAICA AVE,JAMAICA,NY,11423
362,825001,ABC SUPPLY CO INC- WHITE OAK,2900 JACK'S RUN RD,WHITE OAK,PA,15131
362,987291,ABC SUPPLY CO INC-N HUNTINGDON,2900 JACK'S RUN RD,WHITE OAK,PA,15131
50,138640,ABC SUPPLY CO (RW ONLY)-JACKSONVILLE,5130 PHILLIPS HWY,JACKSONVILLE,FL,32207
61,138914,ABC SUPPLY CO-ALBUQUERQUE,705 COMMANCHE RD NE,ALBUQUERQUE,NM,87107
240,727183,727183 - ABC SUPPLY CO INC-CHEVERLY,5800 COLUMBIA PARK RD.,CHEVERLY,MD,20785
411,368685,ABC SUPPLY CO. RW-PLEASANTVILLE,725 B W DELILAH RD,PLEASANTVILLE,NJ,08232
113,137270,ABC SUPPLY CO-WICHITA E FIRST,1321 E FIRST ST,WICHITA,KS,67214
113,138087,ABC SUPPLY CO (RW ONLY)-WICHITA,1321 E FIRST ST,WICHITA,KS,67214
297,30430,METAL ABC SUPPLY CO -FINDLAY,6277 COUNTY ROAD 212,FINDLAY,OH,45840
320,761729,761729 - ABC SUPPLY CO INC-SEATTLE,1050 SOUTH 96TH STREET,SEATTLE,WA,98108
671,1214204,ABC SUPPLY CO-SCRANTON 671,3015 N MAIN STREET,SCRANTON,PA,18508
759,3732,METAL TOWN & COUNTY IND - SAVANNAH,27-6 ARTLEY ROAD,SAVANNAH,GA,31408
759,3733,TOWN & COUNTRY RW- SAVANNAH,27-6 ARTLEY ROAD,SAVANNAH,GA,31408
769,3738,METAL TOWN & COUNTY IND - OCALA,115 SW 49TH AVENUE,OCALA,FL,34474
769,3739,TOWN & COUNTRY RW- OCALA,115 SW 49TH AVENUE,OCALA,FL,34474
138,157347,METAL ABC SUPPLY CO -BARABOO,E. 10620 R3 HWY 33,BARABOO,WI,53913
138,157348,ABC SUPPLY CO. RW-BARABOO,E. 10620 R3 HWY 33,BARABOO,WI,53913
121,136746,ABC SUPPLY CO-MIDDLETOWN 121,1001 KREIDER DR,MIDDLETOWN,PA,17057
7373,137021,ABC SUPPLY CO-SPRINGFIELD VA 7373,6707 ELECTRONIC DRIVE,SPRINGFIELD,VA,22151
372,157392,ABC SUPPLY CO INC-NEW HUDSON #372,55801 GRAND RIVER,NEW HUDSON,MI,48165
564,1662143,ABC SUPPLY CO-PUNTA GORDA,5445 WILLIAMSBURG DRIVE,PUNTA GORDA,FL,33982
3020,1813672,ABC SUPPLY CO-ALBANY 3020,12 SELINA DRIVE,ALBANY,NY,12205
1311,2029309,ABC SUPPLY CO-SHEBOYGAN FALLS 1311,520 FOREST AVE,SHEBOYGAN FALLS,WI,53085
511,2172973,2172973 - ABC SUPPLY CO INC- NORFOLK #511,3747 VILLAGE AVE,NORFOLK,VA,
18,242082,ABC SUPPLY - VALLEY COTTAGE #18,2 FORD PRODUCTS ROAD,VALLEY COTTAGE,NY,10989
100,3731,TOWN & COUNTRY IND - POOLER,5240 OLD LOUISVILLE ROAD BLDG #44,POOLER,GA,31322
783,3766,TOWN & COUNTRY IND - TAMPA #783,5300 EAST ADAMO DRIVE,TAMPA,FL,33619
541,756009,ABC SUPPLY CO -KALAMAZOO #541,5177 COMSTOCK AVENUE,KALAMAZOO,MI,49048
745,756024,ABC SUPPLY CO - COLUMBIA MBA #745,917 BROOKWOOD DRIVE,COLUMBIA,SC,29201
217,961727,ABC SUPPLY CO-FORT MYERS 217,17195 JEAN STREET,FORT MYERS,FL,33967
536,963381,ABC SUPPLY CO-DETROIT 536,6450 EAST EIGHT MILE ROAD,DETROIT,MI,48234
339,966581,ABC SUPPLY CO-BLOOMINGTON,1999 S. YOST AVE,BLOOMINGTON,IN,47403
